2021;N070GAY_S01E;AD700020504880;15;;Rue Pierre Pezet;;Arc-lès-Gray;70100;70026;894769.446660578;6709763.22425878;0240;ADRNIVX_0000000278281210;894774.29704426;6709767.19778599;2018700026000AP0036;894758.553864714;6709758.01719818;;;;;1;0;1;0;1;0;;2;P;;;;;;;f;E;;2018-06-09 00:00:00;;;;;;;;;;01010000206A080000FAB1B0E4624E2B4180415ACE80985941;
2412;N070GAY_S01E;AD700020504884;3;;Rue de l'Auberpin;;Arc-lès-Gray;70100;70026;894785.483506189;6710251.84628834;0022;ADRNIVX_0000000326641718;894761.216317016;6710247.0440684;2018700026000AP0173;894785.589682223;6710245.84281625;;;;;1;0;1;0;1;0;;7;P;;;;;;;f;E;;2018-06-14 00:00:00;;;;;;;;;;01010000206A0800008B1F8EF7824E2B41939629F6FA985941;
2401;N070GAY_S01E;AD700020504885;1;;Rue de l'Auberpin;;Arc-lès-Gray;70100;70026;894789.629627201;6710273.00580247;0022;ADRNIVX_0000000326641717;894759.433689256;6710271.54962507;2018700026000AP0172;894784.371711883;6710272.1807637;;;;;1;0;1;0;1;0;;7;P;;;;;;;f;E;;2018-06-14 00:00:00;;;;;;;;;;01010000206A080000197F5E428B4E2B4153115F4000995941;
2276;N070GAY_S01E;AD700020504886;53;;Avenue Jean Jaurès;;Arc-lès-Gray;70100;70026;894593.885654126;6710114.57788251;0200;ADRNIVX_0000000278281190;894600.00558778;6710110.72059791;2018700026000AO0115;894583.170830496;6710104.93101957;;;;;1;0;1;0;1;0;;1;P;;;;;;;f;E;;2018-06-09 00:00:00;;;;;;;;;;01010000206A080000237574C5034D2B41EC06FCA4D8985941;
2391;N070GAY_S01E;AD700020504887;4;;Rue du Réservoir;;Arc-lès-Gray;70100;70026;894739.018356918;6710282.51328686;0323;ADRNIVX_0000000278280401;894723.734783988;6710307.50409517;2018700026000AP0169;894726.289794304;6710286.45757554;;;;;1;0;1;0;1;0;;7;P;;;;;;;t;E;;2018-06-14 00:00:00;;;;;;;;;;01010000206A080000F4136609264E2B411EB1D9A002995941;
2389;N070GAY_S01E;AD700020504888;6;;Rue du Réservoir;;Arc-lès-Gray;70100;70026;894781.766294247;6710314.3240429;0323;ADRNIVX_0000000278280402;894774.027790277;6710329.93642113;2018700026000AP0170;894783.25917971;6710309.63599782;;;;;1;0;1;0;1;0;;7;P;;;;;;;f;E;;2018-06-14 00:00:00;;;;;;;;;;01010000206A08000036B857887B4E2B416C1EBD940A995941;
2046;N070GAY_S01E;AD700020504889;4;;Rue des Granges;;Arc-lès-Gray;70100;70026;894663.244421184;6710194.80138201;0160;ADRNIVX_0000000278280349;894640.696750028;6710193.96938629;2018700026000AP0072;894651.353105931;6710182.5630155;;;;;1;0;1;0;1;0;;7;P;;;;;;;f;E;;2018-06-14 00:00:00;;;;;;;;;;01010000206A080000FCC5247D8E4D2B41C0D749B3EC985941;
1260;N070GAY_S01E;AD700020504890;4;BIS;Rue des Granges;;Arc-lès-Gray;70100;70026;894664.102239324;6710219.24919901;0160;ADRNIVX_0000000278280350;894642.502765625;6710212.47924743;2018700026000AP0075;894671.235204287;6710214.92698632;;;;;1;0;1;0;1;0;;7;P;;;;;;;f;E;;2018-06-14 00:00:00;;;;;;;;;;01010000206A08000072B65834904D2B4163E0F2CFF2985941;
2045;N070GAY_S01E;AD700020504891;6;;Rue des Granges;;Arc-lès-Gray;70100;70026;894654.237330709;6710236.26259212;0160;ADRNIVX_0000000278280353;894644.467135577;6710237.66323687;2018700026000AP0077;894654.388223316;6710239.56819085;;;;;1;0;1;0;1;0;;7;P;;;;;;;f;E;;2018-06-14 00:00:00;;;;;;;;;;01010000206A080000276983797C4D2B41304FCE10F7985941;
2249;N070GAY_S01E;AD700020504892;7;;Rue des Granges;;Arc-lès-Gray;70100;70026;894632.21999844;6710239.550895;0160;ADRNIVX_0000000278280355;894638.198547337;6710240.34788872;2018700026000AO0147;894624.766859829;6710234.46694281;;;;;1;0;1;0;1;0;;7;P;;;;;;;f;E;;2018-06-14 00:00:00;;;;;;;;;;01010000206A080000AEA2A370504D2B4115DD41E3F7985941;
2694;N070GAY_S01E;AD700020504893;19;;Rue des Granges;;Arc-lès-Gray;70100;70026;894651.377936908;6710379.0893125;0160;ADRNIVX_0000000278280367;894665.987886492;6710379.19371773;20187000260000C0581;894653.514955351;6710380.52049085;;;;;1;0;1;0;1;0;;7;P;;;;;;;f;E;;2018-06-14 00:00:00;;;;;;;;;;01010000206A08000049F280C1764D2B41C44BB7C51A995941;
2668;N070GAY_S01E;AD700020504894;8;;Rue des Roses;;Arc-lès-Gray;70100;70026;894639.797392013;6710495.18070083;0356;ADRNIVX_0000000278280408;894626.46582491;6710508.94457896;20187000260000C0587;894632.189889652;6710497.4610106;;;;;1;0;1;0;1;0;;1;P;;;;;;;f;E;;2018-06-14 00:00:00;;;;;;;;;;01010000206A08000014C443985F4D2B41349A90CB37995941;
2667;N070GAY_S01E;AD700020504895;6;;Rue des Roses;;Arc-lès-Gray;70100;70026;894629.217634948;6710479.16809554;0356;ADRNIVX_0000000278280407;894618.97780847;6710472.90942486;20187000260000C0586;894634.281845888;6710474.74093726;;;;;1;0;1;0;1;0;;1;P;;;;;;;f;E;;2018-06-14 00:00:00;;;;;;;;;;01010000206A08000012D96D6F4A4D2B41CC13C2CA33995941;
2666;N070GAY_S01E;AD700020504903;4;;Rue des Roses;;Arc-lès-Gray;70100;70026;894641.370058604;6710457.29373296;0356;ADRNIVX_0000000278280406;894620.894857787;6710451.18695332;20187000260000C0585;894636.994015201;6710451.23656378;;;;;1;0;1;0;1;0;;1;P;;;;;;;f;E;;2018-06-14 00:00:00;;;;;;;;;;01010000206A080000415278BD624D2B415585CC522E995941;
2697;N070GAY_S01E;AD700020504904;2;;Rue des Roses;;Arc-lès-Gray;70100;70026;894630.218422779;6710432.70294627;0356;ADRNIVX_0000000278280404;894618.395174628;6710428.54185478;20187000260000C0584;894631.803451294;6710425.32198577;;;;;1;0;1;0;1;0;;1;P;;;;;;;f;E;;2018-06-14 00:00:00;;;;;;;;;;01010000206A080000461CD56F4C4D2B415A12FD2C28995941;
2727;N070GAY_S01E;AD700020504905;10;;Rue des Roses;;Arc-lès-Gray;70100;70026;894662.243633353;6710499.18385215;0356;ADRNIVX_0000000278280409;894644.018307397;6710511.5199102;20187000260000C0576;894661.318150152;6710501.29017033;;;;;1;0;1;0;1;0;;1;P;;;;;;;f;E;;2018-06-14 00:00:00;;;;;;;;;;01010000206A080000C882BD7C8C4D2B41CF3BC4CB38995941;
1386;N070GAY_S01E;AD700020504932;43;;Avenue Jean Jaurès;;Arc-lès-Gray;70100;70026;894608.013914539;6710014.05878383;0200;ADRNIVX_0000000278281184;894616.011255651;6710013.21114247;2018700026000AP0018;894607.903203189;6710009.42489568;;;;;2;0;2;0;2;0;;1;P;;;;;;;f;E;;2018-06-09 00:00:00;;;;;;;;;;01010000206A08000078CE1F07204D2B41411DC383BF985941;
2232;N070GAY_S01E;AD700020504947;83;;Avenue Jean Jaurès;;Arc-lès-Gray;70100;70026;894450.934431437;6710402.39337198;0200;ADRNIVX_0000000278280419;894453.028167089;6710394.00975277;2018700026000AO0238;894451.03244865;6710405.27491168;;;;;1;0;1;0;1;0;;1;P;;;;;;;f;E;;2018-06-14 00:00:00;;;;;;;;;;01010000206A0800001FCC6DDEE54B2B41A7012D9920995941;
2233;N070GAY_S01E;AD700020504948;85;;Avenue Jean Jaurès;;Arc-lès-Gray;70100;70026;894480.958066351;6710404.39494764;0200;ADRNIVX_0000000278280420;894497.396126576;6710413.24492546;2018700026000AO0170;894481.334580491;6710410.0501363;;;;;1;0;1;0;1;0;;1;P;;;;;;;f;E;;2018-06-14 00:00:00;;;;;;;;;;01010000206A08000039AC87EA214C2B4174D2461921995941;
2259;N070GAY_S01E;AD700020504949;91;;Avenue Jean Jaurès;;Arc-lès-Gray;70100;70026;894457.51103718;6710485.02985283;0200;ADRNIVX_0000000278280426;894471.492618321;6710488.53463185;2018700026000AO0073;894442.442492661;6710482.85403717;;;;;1;0;1;0;1;0;;1;P;;;;;;;f;E;;2018-06-14 00:00:00;;;;;;;;;;01010000206A08000051AAA605F34B2B41DC1BE94135995941;
1641;N070GAY_S01E;AD700020504950;87;BIS;Avenue Jean Jaurès;;Arc-lès-Gray;70100;70026;894463.944673233;6710448.71555156;0200;ADRNIVX_0000000278280422;894482.02163286;6710456.97928083;2018700026000AO0247;894465.484807006;6710454.44618161;;;;;1;0;1;0;1;0;;1;P;;;;;;;f;E;;2018-06-14 00:00:00;;;;;;;;;;01010000206A080000C435ACE3FF4B2B41C298CB2D2C995941;
1616;N070GAY_S01E;AD700020504951;87;T;Avenue Jean Jaurès;;Arc-lès-Gray;70100;70026;894437.924189641;6710446.57100621;0200;ADRNIVX_0000000278280424;894485.890831892;6710446.99129161;2018700026000AO0246;894441.994219534;6710451.72172191;;;;;1;0;1;0;1;0;;1;P;;;;;;;f;E;;2018-06-14 00:00:00;;;;;;;;;;01010000206A0800007A622FD9CB4B2B419D5D8BA42B995941;
2225;N070GAY_S01E;AD700020504958;32;;Avenue Jean Jaurès;;Arc-lès-Gray;70100;70026;894608.344060199;6710143.61823296;0200;ADRNIVX_0000000278280374;894601.977013502;6710144.90785167;2018700026000AO0204;894615.816810267;6710148.11873018;;;;;1;0;1;0;1;0;;0;P;;;;;;;f;E;;2018-06-14 00:00:00;;;;;;;;;;01010000206A08000089A828B0204D2B41FB2091E7DF985941;
2226;N070GAY_S01E;AD700020504960;34;;Avenue Jean Jaurès;;Arc-lès-Gray;70100;70026;894606.056545158;6710153.76908096;0200;ADRNIVX_0000000278280375;894599.726006424;6710151.50311151;2018700026000AO0203;894618.752015063;6710155.24854746;;;;;1;0;1;0;1;0;;0;P;;;;;;;f;E;;2018-06-14 00:00:00;;;;;;;;;;01010000206A080000A57CF31C1C4D2B41549F3871E2985941;
2234;N070GAY_S01E;AD700020504975;36;;Avenue Jean Jaurès;;Arc-lès-Gray;70100;70026;894602.482302906;6710173.49889818;0200;ADRNIVX_0000000278280376;894592.416878911;6710172.15988683;2018700026000AO0167;894605.872268603;6710175.340195;;;;;1;0;1;0;1;0;;0;P;;;;;;;f;E;;2018-06-14 00:00:00;;;;;;;;;;01010000206A0800000F68F0F6144D2B41A6F2ED5FE7985941;
2235;N070GAY_S01E;AD700020504976;38;;Avenue Jean Jaurès;;Arc-lès-Gray;70100;70026;894587.327515759;6710208.66944194;0200;ADRNIVX_0000000278280377;894582.472069701;6710201.95577447;2018700026000AO0166;894597.145137007;6710206.05411224;;;;;1;0;1;0;1;0;;0;P;;;;;;;f;E;;2018-06-14 00:00:00;;;;;;;;;;01010000206A0800004525B0A7F64C2B410223D82AF0985941;
2279;N070GAY_S01E;AD700020504977;40;;Avenue Jean Jaurès;;Arc-lès-Gray;70100;70026;894573.888364893;6710256.7072578;0200;ADRNIVX_0000000278280378;894564.377249189;6710257.38267535;2018700026000AO0137;894577.834635914;6710259.7274616;;;;;1;0;1;0;1;0;;0;P;;;;;;;f;E;;2018-06-14 00:00:00;;;;;;;;;;01010000206A08000066C3D7C6DB4C2B413AB6432DFC985941;
2236;N070GAY_S01E;AD700020504978;42;;Avenue Jean Jaurès;;Arc-lès-Gray;70100;70026;894565.453153179;6710287.30277148;0200;ADRNIVX_0000000278280379;894555.768185601;6710283.22095896;2018700026000AO0164;894574.030921064;6710288.31577462;;;;;1;0;1;0;1;0;;0;P;;;;;;;f;E;;2018-06-14 00:00:00;;;;;;;;;;01010000206A0800008BB103E8CA4C2B419D9B60D303995941;
2742;N070GAY_S01E;AD700020504981;58;;Rue des Fleurs;;Arc-lès-Gray;70100;70026;894504.619550051;6710766.94821042;0127;ADRNIVX_0000000278280041;894514.484340626;6710764.03487103;20187000260000C0685;894496.928000203;6710760.02650422;;;;;1;0;1;0;1;0;;7;P;;;;;;;f;E;;2018-06-14 00:00:00;;;;;;;;;;01010000206A0800000CAA353D514C2B41C37AAFBC7B995941;
2682;N070GAY_S01E;AD700020504982;60;;Rue des Fleurs;;Arc-lès-Gray;70100;70026;894514.341488974;6710724.27175794;0127;ADRNIVX_0000000278280021;894525.470567162;6710727.71511159;20187000260000C0684;894510.057270837;6710725.21184774;;;;;1;0;1;0;1;0;;7;P;;;;;;;f;E;;2018-06-14 00:00:00;;;;;;;;;;01010000206A08000091A4D7AE644C2B416B7B641171995941;
2717;N070GAY_S01E;AD700020504983;27;;Rue des Granges;;Arc-lès-Gray;70100;70026;894668.820239096;6710473.87821701;0160;ADRNIVX_0000000278280371;894681.777509853;6710474.743258;20187000260000C0577;894665.2596356;6710478.53588287;;;;;1;0;1;0;1;0;;7;P;;;;;;;f;E;;2018-06-14 00:00:00;;;;;;;;;;01010000206A080000F960F6A3994D2B411DB5347832995941;
1223;N070GAY_S01E;AD700020504984;5;;Rue des Granges;;Arc-lès-Gray;70100;70026;894630.016943053;6710131.02225119;0160;ADRNIVX_0000000278280351;894609.297104496;6710123.91800041;2018700026000AO0153;894624.319592549;6710127.32494159;;;;;1;0;1;0;1;0;;0;P;;;;;;;f;E;;2018-06-09 00:00:00;;;;;;;;;;01010000206A08000082C2AC084C4D2B413F906CC1DC985941;
2685;N070GAY_S01E;AD700020504985;25;;Rue des Fleurs;;Arc-lès-Gray;70100;70026;894538.145942368;6710666.01160924;0127;ADRNIVX_0000000278279992;894550.508990873;6710662.73413603;20187000260000C0681;894533.637012147;6710660.76309328;;;;;1;0;1;0;1;0;;7;P;;;;;;;f;E;;2018-06-14 00:00:00;;;;;;;;;;01010000206A08000043F5B84A944C2B41B334BE8062995941;
2695;N070GAY_S01E;AD700020504986;23;;Rue des Fleurs;;Arc-lès-Gray;70100;70026;894543.00691183;6710642.70754977;0127;ADRNIVX_0000000278279990;894553.361939345;6710640.04191972;20187000260000C0680;894537.331007085;6710639.25208826;;;;;1;0;1;0;1;0;;7;P;;;;;;;f;E;;2018-06-14 00:00:00;;;;;;;;;;01010000206A08000085F289039E4C2B41D07E48AD5C995941;
2693;N070GAY_S01E;AD700020504987;19;;Rue des Fleurs;;Arc-lès-Gray;70100;70026;894544.15066935;6710600.5314912;0127;ADRNIVX_0000000278279986;894556.381894006;6710596.1256833;20187000260000C0630;894541.570768324;6710594.53256507;;;;;1;0;1;0;1;0;;7;P;;;;;;;f;E;;2018-06-14 00:00:00;;;;;;;;;;01010000206A0800007688244DA04C2B41ABF3032252995941;
2692;N070GAY_S01E;AD700020504989;17;;Rue des Fleurs;;Arc-lès-Gray;70100;70026;894547.438972221;6710574.79694699;0127;ADRNIVX_0000000278279984;894559.217728337;6710571.65452836;20187000260000C0632;894545.29650865;6710570.5435874;;;;;1;0;1;0;1;0;;7;P;;;;;;;f;E;;2018-06-14 00:00:00;;;;;;;;;;01010000206A0800008DF7C0E0A64C2B41F42D01B34B995941;
2761;N070GAY_S01E;AD700020504990;26;;Rue des Fleurs;;Arc-lès-Gray;70100;70026;894659.199808633;6710867.42623632;0127;ADRNIVX_0000000278279993;894630.033865118;6710851.17872989;20187000260000C0700;894655.282196645;6710860.2147157;;;;;1;0;1;0;1;0;;7;P;;;;;;;f;E;;2018-06-14 00:00:00;;;;;;;;;;01010000206A0800002E514D66864D2B41B17447DB94995941;
2721;N070GAY_S01E;AD700020504991;16;;Rue des Roses;;Arc-lès-Gray;70100;70026;894643.279776221;6710573.45732099;0356;ADRNIVX_0000000278280039;894634.381526824;6710566.44554394;20187000260000C0573;894647.207316843;6710570.00832876;;;;;1;0;1;0;1;0;;1;P;;;;;;;f;E;;2018-06-14 00:00:00;;;;;;;;;;01010000206A0800002DD43E8F664D2B4144BF445D4B995941;
2432;N070GAY_S01E;AD700020504992;70;;Avenue Jean Jaurès;;Arc-lès-Gray;70100;70026;894483.764203937;6710683.91239735;0200;ADRNIVX_0000000278280049;;;20187000260000C0814;894491.399659833;6710663.53395395;;;;;6;0;6;0;6;0;;7;I;;;;;;;f;E;;2018-06-14 00:00:00;;;;;;;;;;01010000206A0800000ABD4587274C2B41E0B764FA66995941;
2417;N070GAY_S01E;AD700020504993;72;;Avenue Jean Jaurès;;Arc-lès-Gray;70100;70026;894475.567751606;6710705.34927268;0200;ADRNIVX_0000000278280050;;;20187000260000C0814;894491.399659833;6710663.53395395;;;;;1;0;1;0;1;0;;7;P;;;;;;;f;E;;2018-06-14 00:00:00;;;;;;;;;;01010000206A080000AB56B022174C2B41CE7B5A566C995941;
2265;N070GAY_S01E;AD700020504994;3;;Rue des Granges;;Arc-lès-Gray;70100;70026;894630.943386359;6710116.89399077;0160;ADRNIVX_0000000278280348;894613.691157076;6710111.72429573;2018700026000AO0154;894627.235625659;6710115.21570597;;;;;1;0;1;0;1;0;;7;P;;;;;;;f;E;;2018-06-09 00:00:00;;;;;;;;;;01010000206A0800006B8903E34D4D2B4115253739D9985941;
1395;N070GAY_S01E;AD700020504995;12;;Rue des Granges;;Arc-lès-Gray;70100;70026;894721.29011535;6710487.31736788;0160;ADRNIVX_0000000278280362;894692.524200395;6710487.21044305;2018700026000ZE0083;894736.963276331;6710487.18333466;;;;;1;0;1;0;1;0;;7;P;;;;;;;f;E;;2018-06-14 00:00:00;;;;;;;;;;01010000206A080000C7FF8994024E2B4159C14FD435995941;
2419;N070GAY_S01E;AD700020505000;62;;Avenue Jean Jaurès;;Arc-lès-Gray;70100;70026;894469.696254504;6710601.22871417;0200;ADRNIVX_0000000278280045;;;20187000260000C0816;894476.23008286;6710597.93184055;;;;;20;0;20;0;20;0;;7;I;;;;;;;f;E;;2018-06-14 00:00:00;;;;;;;;;;01010000206A08000069787B640B4C2B41BD40A34E52995941;
2281;N070GAY_S01E;AD700020505013;69;;Avenue Jean Jaurès;;Arc-lès-Gray;70100;70026;894521.061064414;6710284.58634736;0200;ADRNIVX_0000000278280393;894540.392859011;6710285.49655924;2018700026000AO0126;894525.071306451;6710282.37447309;;;;;1;0;1;0;1;0;;1;P;;;;;;;f;E;;2018-06-14 00:00:00;;;;;;;;;;01010000206A080000BED5431F724C2B4113B7862503995941;
2376;N070GAY_S01E;AD700020505014;69;A;Avenue Jean Jaurès;;Arc-lès-Gray;70100;70026;894513.912579911;6710298.88331637;0200;ADRNIVX_0000000347750640;894535.366655516;6710300.89295467;2018700026000AO0282;894512.484659607;6710297.54082204;;;;;1;0;1;0;1;0;Aero-souterrain ENEDIS;9;P;;;;;;;f;E;;2018-06-14 00:00:00;;;;;;;;;;01010000206A08000094AC3DD3634C2B415D4188B806995941;
2280;N070GAY_S01E;AD700020505015;69;BIS;Avenue Jean Jaurès;;Arc-lès-Gray;70100;70026;894491.037429501;6710324.76083027;0200;ADRNIVX_0000000278280394;894526.325460251;6710339.94387146;2018700026000AO0276;894482.734177621;6710325.05971905;;;;;1;0;1;0;1;0;Aero-souterrain ENEDIS;9;P;;;;;;;f;E;;2018-06-14 00:00:00;;;;;;;;;;01010000206A080000A5F52913364C2B416F71B1300D995941;
2237;N070GAY_S01E;AD700020505016;44;;Avenue Jean Jaurès;;Arc-lès-Gray;70100;70026;894558.519123212;6710314.60998227;0200;ADRNIVX_0000000278280380;894544.530826445;6710317.97632026;2018700026000AO0163;894564.724197101;6710320.26284977;;;;;1;0;1;0;1;0;;0;P;;;;;;;f;E;;2018-06-14 00:00:00;;;;;;;;;;01010000206A0800008084CA09BD4C2B4116F309A70A995941;
2285;N070GAY_S01E;AD700020505025;57;;Avenue Jean Jaurès;;Arc-lès-Gray;70100;70026;894576.104395089;6710142.9033845;0200;ADRNIVX_0000000278280386;894587.899493292;6710146.67007391;2018700026000AO0117;894567.901725599;6710138.88491562;;;;;1;0;1;0;1;0;;1;P;;;;;;;f;E;;2018-06-14 00:00:00;;;;;;;;;;01010000206A080000EB457335E04C2B413E0DD1B9DF985941;
2250;N070GAY_S01E;AD700020505028;35;;Avenue Jean Jaurès;;Arc-lès-Gray;70100;70026;894665.916621153;6709937.39560027;0200;ADRNIVX_0000000278281180;894674.6819906;6709950.2209182;2018700026000AP0023;894666.230500091;6709942.9889359;;;;;1;0;1;0;1;0;;1;P;;;;;;;f;E;;2018-06-09 00:00:00;;;;;;;;;;01010000206A080000255E4FD5934D2B41D0835159AC985941;
2247;N070GAY_S01E;AD700020505052;46;;Avenue Jean Jaurès;;Arc-lès-Gray;70100;70026;894544.079184515;6710347.63598068;0200;ADRNIVX_0000000278280381;894535.832095537;6710344.25629591;2018700026000AO0216;894545.688084513;6710346.1803394;;;;;1;0;1;0;1;0;;0;P;;;;;;;f;E;;2018-06-14 00:00:00;;;;;;;;;;01010000206A0800006CDF8A28A04C2B414DE8B3E812995941;
1261;N070GAY_S01E;AD700020505084;60;BIS;Avenue Jean Jaurès;;Arc-lès-Gray;70100;70026;894479.07488746;6710549.29157872;0200;ADRNIVX_0000000278280043;894466.19055679;6710546.93675121;2018700026000AO0064;894493.932412086;6710549.84872469;;;;;1;0;1;0;1;0;Aero-souterrain Orange;9;P;;;;;;;f;E;;2018-06-14 00:00:00;;;;;;;;;;01010000206A0800002CA657261E4C2B41CB39A95245995941;
2566;N070GAY_S01E;AD700020505101;7;;Avenue Jean Jaurès;;Arc-lès-Gray;70100;70026;894795.227863003;6709701.48246699;0200;ADRNIVX_0000000278281992;894807.530027711;6709705.37625918;2018700026000AB0140;894796.998609018;6709700.15825552;;;;;1;0;1;0;1;0;;1;P;;;;;;;f;E;;2018-06-18 00:00:00;;;;;;;;;;01010000206A080000A175AA74964E2B4139BDE05E71985941;
2050;N070GAY_S01E;AD700020505112;45;BIS;Avenue Jean Jaurès;;Arc-lès-Gray;70100;70026;894610.330022804;6710045.3262454;0200;ADRNIVX_0000000278281186;894623.873926038;6710047.03548713;2018700026000AP0132;894606.051077353;6710036.83037262;;;;;0;3;0;1;1;1;;1;I;;;;;;;f;E;;2018-06-09 00:00:00;;;;;DOCTEURS;Maison médicale;;;;01010000206A080000BCBFF8A8244D2B416434E154C7985941;
1691;N070GAY_S01E;AD700020505113;45;;Avenue Jean Jaurès;;Arc-lès-Gray;70100;70026;894624.458283218;6710022.39677358;0200;ADRNIVX_0000000278281185;894631.267427673;6710030.71632315;2018700026000AP0133;894617.48637672;6710022.33309493;;;;;1;0;1;0;1;0;;1;P;;;;;;;f;E;;2018-06-09 00:00:00;;;;;;;;;;01010000206A0800001019A4EA404D2B4106BD6499C1985941;
2035;N070GAY_S01E;AD700020505114;1;;Rue du Souvenir;;Arc-lès-Gray;70100;70026;894884.200741164;6709735.65866216;0360;ADRNIVX_0000000278282079;894859.832981122;6709696.53096167;2018700026000AR0122;894877.872488645;6709725.54550808;;;;;1;0;1;0;1;0;;1;P;;;;;;;f;E;;2018-06-18 00:00:00;;;;;;;;;;01010000206A080000BC8BC766484F2B41578527EA79985941;
2071;N070GAY_S01E;AD700020505115;5;;Rue du Souvenir;;Arc-lès-Gray;70100;70026;894877.172607941;6709700.20172397;0360;ADRNIVX_0000000278282080;894883.966091174;6709709.99287815;2018700026000AR0010;894882.492364971;6709705.37058014;;;;;1;0;1;0;1;0;;1;P;;;;;;;f;E;;2018-06-18 00:00:00;;;;;;;;;;01010000206A0800006A1160583A4F2B41A30BE90C71985941;
1208;N070GAY_S01E;AD700020505116;11;;Rue du Souvenir;;Arc-lès-Gray;70100;70026;894927.823056917;6709682.73224654;0360;ADRNIVX_0000000278281865;894923.774249569;6709668.39428425;2018700026000AR0016;894929.955101589;6709684.43765576;;;;;1;0;1;0;1;0;;1;P;;;;;;;f;E;;2018-06-18 00:00:00;;;;;;;;;;01010000206A0800005CB767A59F4F2B419420DDAE6C985941;
2031;N070GAY_S01E;AD700020505117;13;;Rue du Souvenir;;Arc-lès-Gray;70100;70026;894940.022659257;6709703.19512357;0360;ADRNIVX_0000000278281866;894913.671879857;6709670.73068434;2018700026000AR0160;894960.909088385;6709694.54875546;;;;;1;0;1;0;1;0;;1;P;;;;;;;f;E;;2018-06-18 00:00:00;;;;;;;;;;01010000206A0800007EFE990BB84F2B4197E77CCC71985941;
2252;N070GAY_S01E;AD700020505118;13;;Rue Pierre Pezet;;Arc-lès-Gray;70100;70026;894730.743815601;6709722.4803876;0240;ADRNIVX_0000000278281209;894735.66991841;6709715.2486904;2018700026000AP0013;894729.329148217;6709724.56105309;;;;;1;0;1;0;1;0;;7;P;;;;;;;f;E;;2018-06-18 00:00:00;;;;;;;;;;01010000206A0800000366D57C154E2B41A1ABBE9E76985941;
2335;N070GAY_S01E;AD700020505119;12;;Rue Pierre Pezet;;Arc-lès-Gray;70100;70026;894740.925494161;6709679.53875178;0240;ADRNIVX_0000000311269584;894751.178969602;6709651.40148306;2018700026000AB0126;894745.620997375;6709664.84786339;;;;;1;1;1;1;2;0;;7;P;;;;;;;f;E;;2018-06-18 00:00:00;;;;;PLOMBIER;Artisans ou libérales;;;;01010000206A080000E45EDAD9294E2B41C1E87AE26B985941;
2565;N070GAY_S01E;AD700020605120;5;;Avenue Jean Jaurès;;Arc-lès-Gray;70100;70026;894825.565844537;6709642.418787;0200;ADRNIVX_0000000278281991;894836.194992622;6709651.85254001;2018700026000AB0142;894817.487429394;6709632.1866462;;;;;1;0;1;0;1;0;;1;P;;;;;;;f;E;;2018-06-18 00:00:00;;;;;;;;;;01010000206A0800000860B621D34E2B410168CD9A62985941;
1989;N070GAY_S01E;AD700020605127;3;BIS;Avenue Jean Jaurès;;Arc-lès-Gray;70100;70026;894810.027878339;6709605.98270293;0200;ADRNIVX_0000000278281990;894855.302814403;6709616.24416363;2018700026000AB0823;894829.098769871;6709607.31375023;;;;;1;0;1;0;1;0;;1;P;;;;;;;f;E;;2018-06-18 00:00:00;;;;;;;;;;01010000206A080000D811460EB44E2B41D69AE47E59985941;
1988;N070GAY_S01E;AD700020605130;3;;Avenue Jean Jaurès;;Arc-lès-Gray;70100;70026;894852.173343516;6709587.4170972;0200;ADRNIVX_0000000326641737;894866.504752237;6709594.15920258;2018700026000AB0821;894856.629314373;6709583.75907453;;;;;1;0;1;0;1;0;;1;P;;;;;;;f;E;;2018-06-18 00:00:00;;;;;;;;;;01010000206A0800003A7BC058084F2B4172B8B1DA54985941;
2732;N070GAY_S01E;AD700020505131;11;;Rue Pierre Pezet;;Arc-lès-Gray;70100;70026;894653.96040326;6709660.82739259;0240;ADRNIVX_0000000278282044;894674.999165002;6709641.23754996;2018700026000AB0030;894653.303792889;6709667.99989478;;;;;1;0;1;0;1;0;;7;P;;;;;;;f;E;;2018-06-18 00:00:00;;;;;;;;;;01010000206A080000DFF9B9EB7B4D2B410E00F43467985941;
2646;N070GAY_S01E;AD700020605132;1;;Avenue Jean Jaurès;;Arc-lès-Gray;70100;70026;894909.582298577;6709491.40199459;0200;ADRNIVX_0000000278281864;894918.029555115;6709498.70392707;2018700026000AB0155;894899.926613078;6709486.55889296;;;;;1;0;1;0;1;0;;1;P;;;;;;;f;E;;2018-06-18 00:00:00;;;;;;;;;;01010000206A080000020A232A7B4F2B418747BAD93C985941;
2264;N070GAY_S01E;AD700020505133;60;B;Avenue Jean Jaurès;;Arc-lès-Gray;70100;70026;894487.428963874;6710533.05629814;0200;ADRNIVX_0000000278280042;;;2018700026000AO0067;894498.348513027;6710533.46984091;;;;;1;0;1;0;1;0;;0;P;;;;;;;f;E;;2018-06-14 00:00:00;;;;;;;;;;01010000206A0800002127A1DB2E4C2B4185639A4341995941;
2686;N070GAY_S01E;AD700020505137;8;;Rue des Granges;;Arc-lès-Gray;70100;70026;894664.102239324;6710327.62022407;0160;ADRNIVX_0000000278280356;894657.209576305;6710334.2243588;20187000260000C0612;894665.504762012;6710330.39920422;;;;;1;0;1;0;1;0;;7;P;;;;;;;f;E;;2018-06-14 00:00:00;;;;;;;;;;01010000206A08000072B65834904D2B4150C0B1E70D995941;
2262;N070GAY_S01E;AD700020505178;93;;Avenue Jean Jaurès;;Arc-lès-Gray;70100;70026;894440.140219837;6710517.48397248;0200;ADRNIVX_0000000278280053;894461.409158604;6710517.99274413;2018700026000AO0069;894437.954966387;6710512.90169955;;;;;1;0;1;0;1;0;;1;P;;;;;;;f;E;;2018-06-14 00:00:00;;;;;;;;;;01010000206A080000FFE4CA47D04B2B41B367F95E3D995941;
2228;N070GAY_S01E;AD700020505185;11;;Rue des Granges;;Arc-lès-Gray;70100;70026;894609.058908649;6710287.30277148;0160;ADRNIVX_0000000278280361;894612.791037543;6710291.20045329;2018700026000AO0189;894611.768843276;6710288.23666656;;;;;1;0;1;0;1;0;;7;P;;;;;;;f;E;;2018-06-14 00:00:00;;;;;;;;;;01010000206A0800004246291E224D2B419D9B60D303995941;
2266;N070GAY_S01E;AD700020505189;95;;Avenue Jean Jaurès;;Arc-lès-Gray;70100;70026;894428.845614322;6710566.23663679;0200;ADRNIVX_0000000278280054;894446.037811134;6710563.95027965;2018700026000AO0061;894431.690663801;6710559.34262652;;;;;1;0;1;0;1;0;;1;P;;;;;;;f;E;;2018-06-14 00:00:00;;;;;;;;;;01010000206A080000465CF4B0B94B2B41A20E258F49995941;
1272;N070GAY_S01E;AD700020505190;97;;Avenue Jean Jaurès;;Arc-lès-Gray;70100;70026;894423.98464486;6710583.67893898;0200;ADRNIVX_0000000278280055;894436.970623189;6710589.99605327;2018700026000AO0234;894418.06149134;6710584.14906816;;;;;1;0;1;0;1;0;;1;P;;;;;;;f;E;;2018-06-14 00:00:00;;;;;;;;;;01010000206A080000005F23F8AF4B2B4178BC73EB4D995941;
2244;N070GAY_S01E;AD700020505194;19;T;Avenue Jean Jaurès;;Arc-lès-Gray;70100;70026;894724.745771072;6709793.56527705;0200;ADRNIVX_0000000278281165;894746.474470099;6709815.74768605;2018700026000AP0124;894729.350208239;6709802.65631447;;;;;1;0;1;0;1;0;;1;P;;;;;;;f;E;;2018-06-09 00:00:00;;;;;;;;;;01010000206A080000B9B4D57D094E2B41C77F2D6488985941;
1415;N070GAY_S01E;AD700020505196;2;;Rue Louis Ravillon;;Arc-lès-Gray;70100;70026;894574.546150117;6709984.64420887;0225;ADRNIVX_0000000278281197;894577.372612043;6709963.93020724;2018700026000ZI0054;894569.936587204;6709982.64549359;;;;;1;0;1;0;1;0;Aero-souterrain ENEDIS;9;P;;;;;;;f;E;;2018-06-09 00:00:00;;;;;;;;;;01010000206A080000F7FCA017DD4C2B41D9B73A29B8985941;
2268;N070GAY_S01E;AD700020505198;111;;Avenue Jean Jaurès;;Arc-lès-Gray;70100;70026;894360.792041851;6710769.39656637;0200;ADRNIVX_0000000278280062;894364.890731573;6710763.69918976;2018700026000AO0058;894366.49062852;6710764.03035806;;;;;1;0;1;0;1;0;;1;P;;;;;;;f;E;;2018-06-14 00:00:00;;;;;;;;;;01010000206A08000071828695314B2B41EB5761597C995941;
1372;N070GAY_S01E;AD700020505202;9;;Avenue Jean Jaurès;;Arc-lès-Gray;70100;70026;894779.924659033;6709747.1721898;0200;ADRNIVX_0000000278281153;894793.877790809;6709730.93781703;2018700026000AB0139;894777.697600163;6709725.02349253;;;;;1;0;1;0;1;0;;1;P;;;;;;;f;E;;2018-06-18 00:00:00;;;;;;;;;;01010000206A080000A5E86CD9774E2B41612805CB7C985941;
2255;N070GAY_S01E;AD700020505203;13;;Rue des Granges;;Arc-lès-Gray;70100;70026;894637.795816352;6710304.1731949;0160;ADRNIVX_0000000278280363;894645.808781169;6710316.40068666;2018700026000AO0230;894637.542679857;6710305.05540665;;;;;1;0;1;0;1;0;;7;P;;;;;;;f;E;;2018-06-14 00:00:00;;;;;;;;;;01010000206A080000AB3D75975B4D2B4113A0150B08995941;
2238;N070GAY_S01E;AD700020505208;1;;Rue des Granges;;Arc-lès-Gray;70100;70026;894631.174997185;6710104.73442239;0160;ADRNIVX_0000000278281149;;;2018700026000AO0155;894630.617639635;6710092.05497964;;;;;1;0;1;0;1;0;;7;P;;;;;;;f;E;;2018-06-09 00:00:00;;;;;;;;;;01010000206A080000253B99594E4D2B41C0C6002FD6985941;
1509;N070GAY_S01E;AD700020505226;20;;Avenue Jean Jaurès;;Arc-lès-Gray;70100;70026;894687.858186838;6709965.9520542;0200;ADRNIVX_0000000278281166;;;2018700026000AP0055;894695.837158179;6709974.30200787;;;;;1;0;1;0;1;0;;1;P;;;;;;;f;E;;2018-06-11 00:00:00;;;;;;;;;;01010000206A080000EA4364B7BF4D2B41C174EE7CB3985941;
2779;N070GAY_S01E;AD700020505234;6;BIS;Rue des Granges;;Arc-lès-Gray;70100;70026;894669.678057236;6710301.59974048;0160;ADRNIVX_0000000278280354;894650.017401427;6710309.86953207;20187000260000C0724;894660.92707278;6710301.0753461;;;;;1;0;1;0;1;0;;7;P;;;;;;;f;E;;2018-06-14 00:00:00;;;;;;;;;;01010000206A0800006F512A5B9B4D2B41E725626607995941;
2284;N070GAY_S01E;AD700020505265;89;;Avenue Jean Jaurès;;Arc-lès-Gray;70100;70026;894467.661885175;6710473.16336856;0200;ADRNIVX_0000000278280425;894476.525792856;6710472.91611015;2018700026000AO0075;894466.231079333;6710470.73907957;;;;;1;0;1;0;1;0;;0;P;;;;;;;f;E;;2018-06-14 00:00:00;;;;;;;;;;01010000206A080000179DE252074C2B4165A1744A32995941;
2762;N070GAY_S01E;AD700020505266;28;;Rue des Fleurs;;Arc-lès-Gray;70100;70026;894657.15069555;6710881.45477973;0127;ADRNIVX_0000000278279996;894634.503184256;6710861.99539095;20187000260000C0699;894650.657782893;6710885.20844747;;;;;1;0;1;0;1;0;;7;P;;;;;;;f;E;;2018-06-14 00:00:00;;;;;;;;;;01010000206A08000096F7274D824D2B41701C1B5D98995941;
2713;N070GAY_S01E;AD700020505270;54;;Rue des Fleurs;;Arc-lès-Gray;70100;70026;894499.186701829;6710817.77393524;0127;ADRNIVX_0000000278280016;894515.29503112;6710812.96705275;20187000260000C0687;894490.618724166;6710811.97599946;;;;;1;0;1;0;1;0;;7;P;;;;;;;f;E;;2018-06-14 00:00:00;;;;;;;;;;01010000206A080000D261975F464C2B41A727887188995941;
2406;N070GAY_S01E;AD700020505271;9;;Rue du Souvenir;;Arc-lès-Gray;70100;70026;894907.567116907;6709686.73402284;0360;ADRNIVX_0000000278282082;894907.108657333;6709673.18311308;2018700026000AR0015;894912.414047307;6709690.8820751;;;;;1;0;1;0;1;0;;1;P;;;;;;;f;E;;2018-06-18 00:00:00;;;;;;;;;;01010000206A080000AE255D22774F2B41F43AFAAE6D985941;
2665;N070GAY_S01E;AD700020505275;1;;Rue du Réservoir;;Arc-lès-Gray;70100;70026;894689.693813846;6710309.17713406;0323;ADRNIVX_0000000278280398;894689.92059197;6710299.72774608;20187000260000C0833;894685.711905462;6710318.92738499;;;;;1;0;1;0;1;0;;7;P;;;;;;;f;E;;2018-06-14 00:00:00;;;;;;;;;;01010000206A08000080913B63C34D2B41142A564B09995941;
1390;N070GAY_S01E;AD700020505303;11;;Rue de la Nitrière;;Arc-lès-Gray;70100;70026;894498.993103781;6710074.75527741;0235;ADRNIVX_0000000278281208;894502.19718372;6710072.95277351;2018700026000ZI0049;894509.193949722;6710074.81642466;;;;;2;0;2;0;2;0;;1;P;;;;;;;f;E;;2018-06-09 00:00:00;;;;;;;;;;01010000206A0800004D1978FC454C2B410E7756B0CE985941;
1659;N070GAY_S01E;AD700020505304;9;BIS;Rue de la Nitrière;;Arc-lès-Gray;70100;70026;894530.088720254;6710050.34630574;0235;ADRNIVX_0000000278281207;894546.794788367;6710055.29429736;2018700026000ZI0017;894496.652538121;6710026.31189177;;;;;1;0;1;0;1;0;Aero-souterrain ENEDIS;9;P;;;;;;;f;E;;2018-06-09 00:00:00;;;;;;;;;;01010000206A080000BFBD6C2D844C2B418BDF2996C8985941;
;N070GAY_S01E;AD700020505329;99;;Avenue Jean Jaurès;;Arc-lès-Gray;70100;70026;894403.397009491;6710637.43554244;0200;ADRNIVX_0000000326641739;894419.837001359;6710641.45347654;2018700026000AO0277;894397.8335242;6710637.70706553;;;;;1;0;1;0;1;0;;1;P;;;;;;;f;C;;2018-06-14 00:00:00;;;;;;;;;;01010000206A080000F6D344CB864B2B4168EDDF5B5B995941;
2049;N070GAY_S01E;AD700020505336;24;;Avenue Jean Jaurès;;Arc-lès-Gray;70100;70026;894668.988596654;6709999.35632872;0200;ADRNIVX_0000000278281172;894665.183036603;6709991.70189864;2018700026000AP0057;894686.999398623;6710003.54006453;;;;;1;0;1;0;1;0;;2;P;;;;;;;f;E;;2018-06-11 00:00:00;;;;;;;;;;01010000206A080000345729FA994D2B41F816CED6BB985941;
1169;N070GAY_S01E;AD700020505337;2;;Rue des Granges;;Arc-lès-Gray;70100;70026;894655.643886479;6710058.43004573;0160;ADRNIVX_0000000278280346;894643.983743221;6710123.49738836;2018700026000AP0153;894657.149657635;6710061.08288837;;;;;1;0;1;0;1;0;;7;P;;;;;;;f;E;;2018-06-11 00:00:00;;;;;;;;;;01010000206A0800000F7DAB497F4D2B418BDE859BCA985941;
1138;N070GAY_S01E;AD700020505339;1;TER;Rue du Souvenir;;Arc-lès-Gray;70100;70026;894850.88464618;6709732.03713444;0360;ADRNIVX_0000000278281212;894836.830596414;6709710.67112138;2018700026000AR0202;894850.530936429;6709723.60784469;;;;;1;0;1;0;1;0;;1;P;;;;;;;f;E;;2018-06-11 00:00:00;;;;;;;;;;01010000206A0800001358F0C4054F2B412469600279985941;
2055;N070GAY_S01E;AD700020505341;10;;Avenue Jean Jaurès;;Arc-lès-Gray;70100;70026;894794.031147816;6709770.19997908;0200;ADRNIVX_0000000278281154;894789.281670694;6709767.68867207;2018700026000AP0039;894808.608258525;6709781.59452215;;;;;1;0;1;0;1;0;;2;P;;;;;;;f;E;;2018-06-11 00:00:00;;;;;;;;;;01010000206A080000449BF20F944E2B411075CC8C82985941;
2056;N070GAY_S01E;AD700020505342;8;;Avenue Jean Jaurès;;Arc-lès-Gray;70100;70026;894796.355571431;6709763.46591811;0200;ADRNIVX_0000000278281152;894792.41114111;6709761.90030513;2018700026000AP0038;894811.498683986;6709778.17334047;;;;;1;0;1;0;1;0;;2;P;;;;;;;f;E;;2018-06-11 00:00:00;;;;;;;;;;01010000206A08000063750DB6984E2B41339AD1DD80985941;
2166;N070GAY_S01E;AD700020505344;6;;Avenue Jean Jaurès;;Arc-lès-Gray;70100;70026;894798.780777788;6709758.64155664;0200;ADRNIVX_0000000278281151;894795.931666211;6709755.68015581;2018700026000AP0037;894817.022863724;6709775.37656514;;;;;1;0;1;0;1;0;;2;P;;;;;;;f;E;;2018-06-11 00:00:00;;;;;;;;;;01010000206A0800002E1BC28F9D4E2B4194430FA97F985941;
2132;N070GAY_S01E;AD700020505346;1;BIS;Rue du Souvenir;;Arc-lès-Gray;70100;70026;894845.529762478;6709769.52132035;0360;ADRNIVX_0000000278281211;894857.49079034;6709765.69997448;2018700026000AR0194;894842.343999195;6709775.19177888;;;;;1;0;1;0;1;0;;1;P;;;;;;;f;E;;2018-06-11 00:00:00;;;;;;;;;;01010000206A0800000F073D0FFB4E2B4107505D6182985941;
2052;N070GAY_S01E;AD700020505347;16;;Avenue Jean Jaurès;;Arc-lès-Gray;70100;70026;894741.322025694;6709868.62916789;0200;ADRNIVX_0000000278281158;894745.969828447;6709844.9633156;2018700026000AP0052;894733.19067255;6709912.95969265;;;;;1;2;1;2;3;2;;1;I;;;;;;;f;E;;2018-06-11 00:00:00;;;;;Restaurant;Restaurant;Entreprises;Entreprises;;;;01010000206A080000438DE0A42A4E2B41684944289B985941;
;N070GAY_S01E;AD700020505361;6;;Rue de l'Auberpin;;Arc-lès-Gray;70100;70026;894747.739508012;6710212.02922966;0022;ADRNIVX_0000000358328215;894756.564004576;6710204.98846093;2018700026000AP0179;894736.062004217;6710203.60725604;;;;;1;0;1;0;1;0;;7;P;;;;;;;f;C;;2018-06-14 00:00:00;;;;;;;;;;01010000206A08000050CBA07A374E2B4112E6DE01F1985941;
2413;N070GAY_S01E;AD700020505362;5;;Rue de l'Auberpin;;Arc-lès-Gray;70100;70026;894778.978385292;6710224.82501692;0022;ADRNIVX_0000000326641719;894762.814167269;6710218.97569047;2018700026000AP0174;894786.838231506;6710218.88871767;;;;;1;0;1;0;1;0;;7;P;;;;;;;f;E;;2018-06-14 00:00:00;;;;;;;;;;01010000206A080000BCEAEEF4754E2B41C313CD34F4985941;
;N070GAY_S01E;AD700020505363;99;BIS;Avenue Jean Jaurès;;Arc-lès-Gray;70100;70026;894381.236707531;6710630.28705794;0200;ADRNIVX_0000000326641740;894368.52126489;6710624.99268279;2018700026000AO0278;894379.596260106;6710624.65462978;;;;;1;0;1;0;1;0;;7;P;;;;;;;f;C;;2018-06-14 00:00:00;;;;;;;;;;01010000206A080000BDBA31795A4B2B4143285F9259995941;
2278;N070GAY_S01E;AD700020505379;15;;Rue des Granges;;Arc-lès-Gray;70100;70026;894629.789513708;6710327.191315;0160;ADRNIVX_0000000278280365;894639.684098757;6710326.20358688;2018700026000AO0143;894628.591186769;6710332.1293746;;;;;1;0;1;0;1;0;;7;P;;;;;;;f;E;;2018-06-14 00:00:00;;;;;;;;;;01010000206A0800000B243B944B4D2B4149813ECC0D995941;
2229;N070GAY_S01E;AD700020505396;101;;Avenue Jean Jaurès;;Arc-lès-Gray;70100;70026;894387.670343583;6710667.31620767;0200;ADRNIVX_0000000278280057;894408.171037053;6710675.52819134;2018700026000AO0222;894392.655281886;6710668.07344757;;;;;1;0;1;0;1;0;;1;P;;;;;;;f;E;;2018-06-14 00:00:00;;;;;;;;;;01010000206A08000030463757674B2B4114BF3CD462995941;
2719;N070GAY_S01E;AD700020505401;12;;Rue des Roses;;Arc-lès-Gray;70100;70026;894656.810785131;6710521.63009349;0356;ADRNIVX_0000000278280410;894642.921114891;6710519.70902592;20187000260000C0575;894657.114337468;6710524.39637821;;;;;1;0;1;0;1;0;;1;P;;;;;;;f;E;;2018-06-14 00:00:00;;;;;;;;;;01010000206A080000893A1F9F814D2B41A57353683E995941;
2690;N070GAY_S01E;AD700020505403;13;;Rue des Fleurs;;Arc-lès-Gray;70100;70026;894547.523145626;6710526.99762245;0127;ADRNIVX_0000000278280345;894563.274636022;6710525.99385564;20187000260000C0636;894548.942306777;6710522.87985393;;;;;1;0;1;0;1;0;;7;P;;;;;;;f;E;;2018-06-14 00:00:00;;;;;;;;;;01010000206A08000052BED90BA74C2B41D30BD9BF3F995941;
2227;N070GAY_S01E;AD700020505413;1;;Rue des Fleurs;;Arc-lès-Gray;70100;70026;894600.194787865;6710322.33034554;0127;ADRNIVX_0000000278280338;894610.490331667;6710329.2492646;2018700026000AO0199;894600.70493737;6710323.42627124;;;;;1;0;1;0;1;0;;7;P;;;;;;;f;E;;2018-06-14 00:00:00;;;;;;;;;;01010000206A0800002C3CBB63104D2B41A06124950C995941;
2720;N070GAY_S01E;AD700020505414;17;;Rue des Granges;;Arc-lès-Gray;70100;70026;894648.232603727;6710354.92743488;0160;ADRNIVX_0000000278280366;894659.976575953;6710360.21269312;20187000260000C0582;894645.115765259;6710350.27412608;;;;;1;0;1;0;1;0;;7;P;;;;;;;f;E;;2018-06-14 00:00:00;;;;;;;;;;01010000206A080000EED51777704D2B41D0175BBB14995941;
1606;N070GAY_S01E;AD700020505415;8;TER;Rue des Granges;;Arc-lès-Gray;70100;70026;894685.118783763;6710366.0790707;0160;ADRNIVX_0000000278280358;894672.098022023;6710369.83496279;20187000260000C0824;894681.316604607;6710366.96636638;;;;;1;0;1;0;1;0;;7;P;;;;;;;f;E;;2018-06-14 00:00:00;;;;;;;;;;01010000206A080000B639D13CBA4D2B41907E0F8517995941;
1508;N070GAY_S01E;AD700020505416;3;;Rue des Fleurs;;Arc-lès-Gray;70100;70026;894585.111485563;6710351.78210169;0127;ADRNIVX_0000000278280340;894588.708649701;6710354.54518825;2018700026000AO0208;894583.389266148;6710347.56634033;;;;;1;0;1;0;1;0;;7;P;;;;;;;f;E;;2018-06-14 00:00:00;;;;;;;;;;01010000206A080000C2A21439F24C2B413FF40DF213995941;
1498;N070GAY_S01E;AD700020505417;5;;Rue des Fleurs;;Arc-lès-Gray;70100;70026;894583.252879593;6710363.36264658;0127;ADRNIVX_0000000278280341;894585.382398079;6710368.66339947;2018700026000AO0209;894577.96974582;6710370.1081815;;;;;1;0;1;0;1;0;;7;P;;;;;;;f;E;;2018-06-14 00:00:00;;;;;;;;;;01010000206A080000186F7981EE4C2B41059A35D716995941;
2289;N070GAY_S01E;AD700020505424;71;;Avenue Jean Jaurès;;Arc-lès-Gray;70100;70026;894503.904701607;6710352.42546529;0200;ADRNIVX_0000000278280395;894519.827823044;6710358.84890489;2018700026000AO0091;894503.088269813;6710353.27195762;;;;;1;1;1;1;2;1;Aero-souterrain ENEDIS;9;P;;;;;;;f;E;;2018-06-14 00:00:00;;;;;Horloge;Entreprises;;;;01010000206A0800008B0C35CF4F4C2B41C8D23A1B14995941;
2290;N070GAY_S01E;AD700020505425;73;;Avenue Jean Jaurès;;Arc-lès-Gray;70100;70026;894497.757004934;6710369.5818281;0200;ADRNIVX_0000000278280396;894510.029269387;6710374.97837241;2018700026000AO0086;894497.951672965;6710371.9862025;;;;;1;0;1;0;1;0;;1;P;;;;;;;f;E;;2018-06-14 00:00:00;;;;;;;;;;01010000206A08000095269683434C2B41EFAB3C6518995941;
2213;N070GAY_S01E;AD700020505433;103;;Avenue Jean Jaurès;;Arc-lès-Gray;70100;70026;894379.09216218;6710689.9054187;0200;ADRNIVX_0000000278280058;894402.983972925;6710691.25289029;2018700026000AO0050;894390.947740924;6710686.4695904;;;;;1;0;1;0;1;0;;1;P;;;;;;;f;E;;2018-06-14 00:00:00;;;;;;;;;;01010000206A08000097E12F2F564B2B414261F27968995941;
2054;N070GAY_S01E;AD700020505439;12;;Avenue Jean Jaurès;;Arc-lès-Gray;70100;70026;894789.430980849;6709779.2111099;0200;ADRNIVX_0000000278281155;894784.22606949;6709774.74772737;2018700026000AP0040;894796.131486671;6709780.58777804;;;;;1;0;1;0;1;0;;0;P;;;;;;;f;E;;2018-06-11 00:00:00;;;;;;;;;;01010000206A0800009885A9DC8A4E2B411BD382CD84985941;
2291;N070GAY_S01E;AD700020505440;50;;Avenue Jean Jaurès;;Arc-lès-Gray;70100;70026;894525.922033877;6710397.38943282;0200;ADRNIVX_0000000278280383;894518.374081411;6710396.36970973;2018700026000AO0085;894530.974475848;6710391.15512161;;;;;1;0;1;0;1;0;;0;P;;;;;;;f;E;;2018-06-14 00:00:00;;;;;;;;;;01010000206A08000004D314D87B4C2B41A277EC581F995941;
2286;N070GAY_S01E;AD700020505441;52;;Avenue Jean Jaurès;;Arc-lès-Gray;70100;70026;894518.630579683;6710425.26852238;0200;ADRNIVX_0000000278280384;894506.872272876;6710430.00500269;2018700026000AO0080;894519.883740371;6710436.62253098;;;;;1;0;1;0;1;0;;0;P;;;;;;;f;E;;2018-06-14 00:00:00;;;;;;;;;;01010000206A0800001B57DB426D4C2B4180782F5126995941;
2535;N070GAY_S01E;AD700020505457;76;;Avenue Jean Jaurès;;Arc-lès-Gray;70100;70026;894428.559674942;6710693.76560033;0200;ADRNIVX_0000000278280052;894439.816692077;6710703.46122347;20187000260000C0815;894442.0046409;6710698.53133286;;;;;6;0;6;0;6;0;;7;I;;;;;;;f;E;;2018-06-14 00:00:00;;;;;;;;;;01010000206A080000C8B68D1EB94B2B418498FF7069995941;
2270;N070GAY_S01E;AD700020505458;107;;Avenue Jean Jaurès;;Arc-lès-Gray;70100;70026;894366.796768834;6710723.93220493;0200;ADRNIVX_0000000278280060;894389.469440997;6710731.15809653;2018700026000AO0054;894364.263660091;6710722.20676195;;;;;1;0;1;0;1;0;;1;P;;;;;;;f;E;;2018-06-14 00:00:00;;;;;;;;;;01010000206A080000AA15F2973D4B2B41DF3EA9FB70995941;
2260;N070GAY_S01E;AD700020505476;54;;Avenue Jean Jaurès;;Arc-lès-Gray;70100;70026;894502.760944086;6710478.953641;0200;ADRNIVX_0000000278280412;;;2018700026000AO0072;894509.956470941;6710481.68811599;;;;;1;0;1;0;1;0;;0;P;;;;;;;f;E;;2018-06-14 00:00:00;;;;;;;;;;01010000206A08000098769A854D4C2B41457408BD33995941;
2397;N070GAY_S01E;AD700020505479;52;BIS;Avenue Jean Jaurès;;Arc-lès-Gray;70100;70026;894509.194580139;6710454.43433916;0200;ADRNIVX_0000000278280411;894503.866897217;6710432.01850912;2018700026000AO0079;894515.076360389;6710458.63893225;;;;;1;0;1;0;1;0;;1;P;;;;;;;f;E;;2018-06-14 00:00:00;;;;;;;;;;01010000206A0800000B02A0635A4C2B417536CC9B2D995941;
2785;N070GAY_S01E;AD700020505485;45;;Rue des Fleurs;;Arc-lès-Gray;70100;70026;894598.050242514;6710934.95546746;0127;ADRNIVX_0000000278280008;894603.024250283;6710946.43866822;20187000260000C0714;894600.46741261;6710931.80895478;;;;;1;0;1;0;1;0;;7;P;;;;;;;f;E;;2018-06-14 00:00:00;;;;;;;;;;01010000206A0800000363B9190C4D2B41026126BDA5995941;
2705;N070GAY_S01E;AD700020505504;2;;Rue des Fleurs;;Arc-lès-Gray;70100;70026;894587.970879365;6710492.67873125;0127;ADRNIVX_0000000278280339;894577.994915208;6710495.35386681;20187000260000C0556;894593.470594186;6710495.74991268;;;;;1;0;1;0;1;0;;7;P;;;;;;;f;E;;2018-06-14 00:00:00;;;;;;;;;;01010000206A0800009F1917F1F74C2B413155702B37995941;
2706;N070GAY_S01E;AD700020505505;3;;Rue des Roses;;Arc-lès-Gray;70100;70026;894599.83736364;6710476.38018658;0356;ADRNIVX_0000000278280405;894611.170949142;6710476.54408538;20187000260000C0555;894596.186739391;6710471.0397605;;;;;1;0;1;0;1;0;;1;P;;;;;;;f;E;;2018-06-14 00:00:00;;;;;;;;;;01010000206A08000051EDBAAC0F4D2B4119FA541833995941;
2707;N070GAY_S01E;AD700020505506;1;;Rue des Roses;;Arc-lès-Gray;70100;70026;894593.975606347;6710451.36049082;0356;ADRNIVX_0000000278280403;894613.511673374;6710453.39054234;20187000260000C0554;894598.29781585;6710447.51090573;;;;;1;0;1;0;1;0;;7;P;;;;;;;f;E;;2018-06-14 00:00:00;;;;;;;;;;01010000206A080000D7AC82F3034D2B41164812D72C995941;
2239;N070GAY_S01E;AD700020505511;75;;Avenue Jean Jaurès;;Arc-lès-Gray;70100;70026;894485.461611588;6710382.16316083;0200;ADRNIVX_0000000278280415;894505.516708174;6710388.5020657;2018700026000AO0245;894489.845792328;6710385.70667211;;;;;1;0;1;0;1;0;;1;P;;;;;;;f;E;;2018-06-14 00:00:00;;;;;;;;;;01010000206A080000A75A58EC2A4C2B411C3A718A1B995941;
2267;N070GAY_S01E;AD700020505512;87;;Avenue Jean Jaurès;;Arc-lès-Gray;70100;70026;894480.171733056;6710423.62437095;0200;ADRNIVX_0000000278280421;894492.467206159;6710427.97764716;2018700026000AO0081;894479.434099568;6710425.82756798;;;;;1;0;1;0;1;0;;1;P;;;;;;;f;E;;2018-06-14 00:00:00;;;;;;;;;;01010000206A0800002565ED57204C2B4190B1F5E725995941;
2256;N070GAY_S01E;AD700020505534;59;;Avenue Jean Jaurès;;Arc-lès-Gray;70100;70026;894564.809789574;6710160.05974731;0200;ADRNIVX_0000000278280387;894579.506194712;6710170.51469962;2018700026000AO0228;894557.948657978;6710161.93356244;;;;;1;0;1;0;1;0;;1;P;;;;;;;f;E;;2018-06-14 00:00:00;;;;;;;;;;01010000206A08000032BD9C9EC94C2B4165E6D203E4985941;
1640;N070GAY_S01E;AD700020505535;61;;Avenue Jean Jaurès;;Arc-lès-Gray;70100;70026;894557.804274761;6710190.5122913;0200;ADRNIVX_0000000278280388;894545.37059838;6710190.96051913;2018700026000AO0119;894560.516431484;6710195.37890062;;;;;1;0;1;0;1;0;;1;P;;;;;;;f;E;;2018-06-14 00:00:00;;;;;;;;;;01010000206A080000C6E6C99BBB4C2B416F61C9A0EB985941;
;N070GAY_S01E;AD700020505545;7;;Rue des Fleurs;;Arc-lès-Gray;70100;70026;894560.806638252;6710451.78939989;0127;ADRNIVX_0000000278280342;894577.678728994;6710431.32163823;20187000260000C0545;894550.122172444;6710450.6289267;;;;;2;0;2;1;3;1;;7;P;;;;;;;f;C;;2018-06-14 00:00:00;;;;;Ecole;Ecole primaire;;;;01010000206A08000062B0FF9CC14C2B411E8785F22C995941;
2261;N070GAY_S01E;AD700020505551;56;;Avenue Jean Jaurès;;Arc-lès-Gray;70100;70026;894494.468702062;6710498.11157947;0200;ADRNIVX_0000000278280413;894483.327448512;6710497.70254929;2018700026000AO0071;894504.871877326;6710503.11007097;;;;;1;0;1;0;1;0;;0;P;;;;;;;f;E;;2018-06-14 00:00:00;;;;;;;;;;01010000206A0800007BB7F9EF3C4C2B41391E248738995941;
2263;N070GAY_S01E;AD700020505552;58;;Avenue Jean Jaurès;;Arc-lès-Gray;70100;70026;894488.74991446;6710511.26479096;0200;ADRNIVX_0000000278280414;894478.782334411;6710512.22554184;2018700026000AO0068;894501.641758811;6710517.68454176;;;;;1;0;1;0;1;0;;0;P;;;;;;;f;E;;2018-06-14 00:00:00;;;;;;;;;;01010000206A080000BFC9F47F314C2B41C555F2D03B995941;
2689;N070GAY_S01E;AD700020505553;11;;Rue des Fleurs;;Arc-lès-Gray;70100;70026;894555.23082034;6710498.54048854;0127;ADRNIVX_0000000278280344;894564.807758579;6710504.48110164;20187000260000C0638;894544.087310604;6710501.9105204;;;;;1;0;1;0;1;0;;7;P;;;;;;;f;E;;2018-06-14 00:00:00;;;;;;;;;;01010000206A08000065152E76B64C2B41405D97A238995941;
2680;N070GAY_S01E;AD700020505554;9;;Rue des Fleurs;;Arc-lès-Gray;70100;70026;894556.23160817;6710485.38727706;0127;ADRNIVX_0000000278280343;894566.519520796;6710484.41913436;20187000260000C0640;894547.103434227;6710481.58899662;;;;;1;0;1;0;1;0;;7;P;;;;;;;f;E;;2018-06-14 00:00:00;;;;;;;;;;01010000206A08000099589576B84C2B41B425C95835995941;
2773;N070GAY_S01E;AD700020505555;52;;Rue des Fleurs;;Arc-lès-Gray;70100;70026;894501.402732025;6710849.29875189;0127;ADRNIVX_0000000278280014;894513.389912757;6710841.24777224;20187000260000C0688;894500.686776735;6710841.82084802;;;;;1;0;1;0;1;0;;7;P;;;;;;;f;E;;2018-06-14 00:00:00;;;;;;;;;;01010000206A08000055E432CE4A4C2B413FC01E5390995941;
2269;N070GAY_S01E;AD700020505559;109;;Avenue Jean Jaurès;;Arc-lès-Gray;70100;70026;894364.366284103;6710747.09329472;0200;ADRNIVX_0000000278280061;894369.975208377;6710744.19203393;2018700026000AO0055;894372.104195656;6710743.89193741;;;;;1;0;1;0;1;0;;0;P;;;;;;;f;E;;2018-06-14 00:00:00;;;;;;;;;;01010000206A080000079789BB384B2B416D8AF8C576995941;
2258;N070GAY_S01E;AD700020505560;113;;Avenue Jean Jaurès;;Arc-lès-Gray;70100;70026;894356.502951149;6710781.40602034;0200;ADRNIVX_0000000278280063;894370.93420415;6710784.01477386;2018700026000AO0059;894348.658489118;6710777.43259529;;;;;1;0;1;0;1;0;;1;P;;;;;;;f;E;;2018-06-14 00:00:00;;;;;;;;;;01010000206A08000024D08201294B2B41B93CFC597F995941;
2224;N070GAY_S01E;AD700020505565;48;;Avenue Jean Jaurès;;Arc-lès-Gray;70100;70026;894562.951183603;6710360.07434371;0200;ADRNIVX_0000000278280382;894556.274462713;6710364.4874579;2018700026000AO0214;894562.181325798;6710359.16755946;;;;;1;0;1;0;1;0;;7;P;;;;;;;f;E;;2018-06-14 00:00:00;;;;;;;;;;01010000206A0800008B8901E7C54C2B41220CC20416995941;
2287;N070GAY_S01E;AD700020505574;51;;Avenue Jean Jaurès;;Arc-lès-Gray;70100;70026;894592.032767514;6710097.43868135;0200;ADRNIVX_0000000278281189;894604.026786023;6710098.40353443;2018700026000AO0114;894588.75765505;6710092.44716712;;;;;1;0;1;0;1;0;;1;P;;;;;;;f;E;;2018-06-09 00:00:00;;;;;;;;;;01010000206A08000053E7C610004D2B41F35A135CD4985941;
2251;N070GAY_S01E;AD700020505575;47;;Avenue Jean Jaurès;;Arc-lès-Gray;70100;70026;894600.833978919;6710065.4763873;0200;ADRNIVX_0000000278281187;894615.392585526;6710066.65351967;2018700026000AP0016;894594.373309852;6710057.70548985;;;;;1;0;1;0;1;0;;1;P;;;;;;;f;E;;2018-06-09 00:00:00;;;;;;;;;;01010000206A080000F048FFAA114D2B412A217D5ECC985941;
2043;N070GAY_S01E;AD700020505578;31;;Avenue Jean Jaurès;;Arc-lès-Gray;70100;70026;894691.162201236;6709904.73847374;0200;ADRNIVX_0000000278281178;894693.501343576;6709914.15799698;2018700026000AP0121;894687.462178206;6709906.33739559;;;;;1;0;1;0;1;0;;1;P;;;;;;;f;E;;2018-06-09 00:00:00;;;;;;;;;;01010000206A0800005B0A0C53C64D2B416127432FA4985941;
2769;N070GAY_S01E;AD700020505580;42;;Rue des Fleurs;;Arc-lès-Gray;70100;70026;894547.724911611;6710962.83455703;0127;ADRNIVX_0000000278279591;894552.415780065;6710943.00378912;20187000260000C0693;894546.4895276;6710956.85115569;;;;;1;0;1;0;1;0;;7;P;;;;;;;f;E;;2018-06-14 00:00:00;;;;;;;;;;01010000206A0800005B9D2773A74C2B41E06169B5AC995941;
2789;N070GAY_S01E;AD700020505581;59;;Rue des Fleurs;;Arc-lès-Gray;70100;70026;894534.357245581;6710800.47460274;0127;ADRNIVX_0000000278280020;894518.467122548;6710789.72950768;20187000260000C0707;894537.902227983;6710795.28762096;;;;;1;0;1;0;1;0;;7;P;;;;;;;f;E;;2018-06-14 00:00:00;;;;;;;;;;01010000206A08000092E4E8B68C4C2B412AE45F1E84995941;
2679;N070GAY_S01E;AD700020505582;56;;Rue des Fleurs;;Arc-lès-Gray;70100;70026;894493.039005157;6710786.82099734;0127;ADRNIVX_0000000278280018;894512.176740286;6710786.18920912;20187000260000C0686;894491.703623185;6710787.32497513;;;;;1;0;1;0;1;0;;7;P;;;;;;;f;E;;2018-06-14 00:00:00;;;;;;;;;;01010000206A080000E07BF8133A4C2B416C388BB480995941;
;N070GAY_S01E;AD700020505592;9;;Rue de l'Auberpin;;Arc-lès-Gray;70100;70026;894789.129233286;6710162.91914112;0022;ADRNIVX_0000002005958883;894769.406507309;6710160.39378717;2018700026000AP0176;894790.376338848;6710162.72183257;;;;;1;0;1;0;1;0;;7;P;;;;;;;f;C;;2018-06-14 00:00:00;;;;;;;;;;01010000206A08000082DD2A428A4E2B414535D3BAE4985941;
1205;N070GAY_S01E;AD700020505603;50;;Rue des Fleurs;;Arc-lès-Gray;70100;70026;894494.897611127;6710873.24617497;0127;ADRNIVX_0000000278280012;894509.889272953;6710869.92088716;20187000260000C0689;894494.123802971;6710869.17400672;;;;;1;0;1;0;1;0;;7;P;;;;;;;f;E;;2018-06-14 00:00:00;;;;;;;;;;01010000206A08000088AF93CB3D4C2B41AD54C14F96995941;
2681;N070GAY_S01E;AD700020505604;53;;Rue des Fleurs;;Arc-lès-Gray;70100;70026;894530.92597302;6710882.61068967;0127;ADRNIVX_0000000278280015;894515.494728213;6710873.66107463;20187000260000C0710;894530.631557018;6710877.04170094;;;;;1;0;1;0;1;0;;7;P;;;;;;;f;E;;2018-06-14 00:00:00;;;;;;;;;;01010000206A080000BD2219DA854C2B41228A15A798995941;
2781;N070GAY_S01E;AD700020505605;24;;Rue des Fleurs;;Arc-lès-Gray;70100;70026;894664.401403381;6710836.68954008;0127;ADRNIVX_0000000278279991;894609.330807113;6710825.15891287;20187000260000C0701;894659.813389869;6710833.54508235;;;;;1;0;1;0;1;0;;7;P;;;;;;;f;E;;2018-06-14 00:00:00;;;;;;;;;;01010000206A08000074BE84CD904D2B41B46C212C8D995941;
2790;N070GAY_S01E;AD700020505606;35;;Rue des Fleurs;;Arc-lès-Gray;70100;70026;894576.604788992;6710830.69982491;0127;ADRNIVX_0000000278280003;894600.006217299;6710824.52022133;20187000260000C0718;894584.114845165;6710829.64185811;;;;;1;0;1;0;1;0;;7;P;;;;;;;f;E;;2018-06-14 00:00:00;;;;;;;;;;01010000206A08000019E7A635E14C2B416DEEC9AC8B995941;
2275;N070GAY_S01E;AD700020505607;60;TER;Avenue Jean Jaurès;;Arc-lès-Gray;70100;70026;894478.917263376;6710567.73359646;0200;ADRNIVX_0000000278280044;894461.896805725;6710560.68993596;2018700026000AO0062;894490.757034466;6710567.28753929;;;;;1;0;1;0;1;0;;0;P;;;;;;;f;E;;2018-06-14 00:00:00;;;;;;;;;;01010000206A080000968BA3D51D4C2B41963EF3EE49995941;
;N070GAY_S01E;AD700020505633;8;;Rue de l'Auberpin;;Arc-lès-Gray;70100;70026;894745.166053591;6710173.42741334;0022;ADRNIVX_0000000354865923;894759.08827129;6710173.9494097;2018700026000AP0180;894741.283404369;6710172.29296777;;;;;1;0;1;0;1;0;;7;P;;;;;;;f;C;;2018-06-14 00:00:00;;;;;;;;;;01010000206A080000EFF90455324E2B4179BD5A5BE7985941;
2356;N070GAY_S01E;AD700020505634;7;;Rue de l'Auberpin;;Arc-lès-Gray;70100;70026;894780.979960952;6710191.01268522;0022;ADRNIVX_0000000329343099;894764.727749703;6710190.4730626;2018700026000AP0175;894788.137221545;6710191.31064933;;;;;1;0;1;0;1;0;;7;P;;;;;;;f;E;;2018-06-14 00:00:00;;;;;;;;;;01010000206A0800002471BDF5794E2B41A7D5CFC0EB985941;
1611;N070GAY_S01E;AD700020505639;2;BIS;Rue des Granges;;Arc-lès-Gray;70100;70026;894698.698772023;6710148.51283076;0160;ADRNIVX_0000000278280347;894684.010497606;6710144.14784927;2018700026000AP0146;894697.896663499;6710147.40289423;;;;;1;0;1;0;1;0;;7;P;;;;;;;f;E;;2018-06-11 00:00:00;;;;;;;;;;01010000206A0800005472C565D54D2B412138D220E1985941;
2780;N070GAY_S01E;AD700020505641;33;;Rue des Fleurs;;Arc-lès-Gray;70100;70026;894566.516847662;6710804.06135484;0127;ADRNIVX_0000000278280001;894586.003436057;6710798.71982906;20187000260000C0719;894571.163283473;6710800.98161786;;;;;1;0;1;0;1;0;;7;P;;;;;;;f;E;;2018-06-14 00:00:00;;;;;;;;;;01010000206A080000B741A008CD4C2B41D63CED0385995941;
2672;N070GAY_S01E;AD700020505647;4;;Rue des Lilas;;Arc-lès-Gray;70100;70026;894607.341485232;6710627.20713339;0213;ADRNIVX_0000000278280028;894607.225452667;6710633.91329191;20187000260000C0591;894610.43176597;6710622.77921135;;;;;1;0;1;0;1;0;;7;P;;;;;;;f;E;;2018-06-14 00:00:00;;;;;;;;;;01010000206A080000FF26D7AE1E4D2B416AAC41CD58995941;
2723;N070GAY_S01E;AD700020505648;6;;Rue des Lilas;;Arc-lès-Gray;70100;70026;894636.50194064;6710621.21741823;0213;ADRNIVX_0000000278280030;894625.50400514;6710623.507892;20187000260000C0571;894639.60458733;6710616.85006704;;;;;1;0;1;0;1;0;;7;P;;;;;;;f;E;;2018-06-14 00:00:00;;;;;;;;;;01010000206A0800000F5DFE00594D2B41242EEA4D57995941;
2724;N070GAY_S01E;AD700020505649;8;;Rue des Lilas;;Arc-lès-Gray;70100;70026;894639.181550055;6710638.3984433;0213;ADRNIVX_0000000278280032;894623.467541213;6710639.66900725;20187000260000C0570;894636.72294596;6710640.46081553;;;;;1;0;1;0;1;0;;7;P;;;;;;;f;E;;2018-06-14 00:00:00;;;;;;;;;;01010000206A080000FD20F45C5E4D2B41591880995B995941;
2702;N070GAY_S01E;AD700020505676;16;;Rue des Fleurs;;Arc-lès-Gray;70100;70026;894616.326057979;6710759.92661152;0127;ADRNIVX_0000000278279983;;;20187000260000C0565;894613.780704037;6710754.58127688;;;;;1;0;1;0;1;0;;7;P;;;;;;;f;E;;2018-06-14 00:00:00;;;;;;;;;;01010000206A0800004C12F1A6304D2B41659A4DFB79995941;
2759;N070GAY_S01E;AD700020505681;38;;Rue des Fleurs;;Arc-lès-Gray;70100;70026;894614.777696251;6710993.4300707;0127;ADRNIVX_0000000278279589;894600.034136081;6710954.89928513;20187000260000C0695;894615.122365631;6710982.48593788;;;;;1;0;1;0;1;0;;7;P;;;;;;;f;E;;2018-06-14 00:00:00;;;;;;;;;;01010000206A080000FC332E8E2D4D2B414247865BB4995941;
2774;N070GAY_S01E;AD700020505682;34;;Rue des Fleurs;;Arc-lès-Gray;70100;70026;894627.359028977;6710964.55019331;0127;ADRNIVX_0000000278280002;;;20187000260000C0696;894627.544595075;6710959.13110984;;;;;1;0;1;0;1;0;;7;P;;;;;;;f;E;;2018-06-14 00:00:00;;;;;;;;;;01010000206A08000066A5D2B7464D2B41FE5D3623AD995941;
2764;N070GAY_S01E;AD700020505683;32;;Rue des Fleurs;;Arc-lès-Gray;70100;70026;894640.655210153;6710940.53128538;0127;ADRNIVX_0000000278280000;894628.209042028;6710906.91594931;20187000260000C0697;894637.177483259;6710935.49711273;;;;;1;0;1;0;1;0;;7;P;;;;;;;f;E;;2018-06-14 00:00:00;;;;;;;;;;01010000206A08000086B4774F614D2B4161940022A7995941;
2763;N070GAY_S01E;AD700020505686;30;;Rue des Fleurs;;Arc-lès-Gray;70100;70026;894639.082543562;6710916.94128652;0127;ADRNIVX_0000000278279998;894633.218536781;6710880.51526889;20187000260000C0698;894644.06868406;6710910.45452727;;;;;1;0;1;0;1;0;;7;P;;;;;;;f;E;;2018-06-14 00:00:00;;;;;;;;;;01010000206A0800005926432A5E4D2B41CD093E3CA1995941;
1564;N070GAY_S01E;AD700020505689;5;BIS;Rue des Granges;;Arc-lès-Gray;70100;70026;894617.065211293;6710204.38035124;0160;ADRNIVX_0000000278280352;894633.195876664;6710185.94339809;2018700026000AO0212;894617.02141559;6710212.79809864;;;;;1;0;1;0;1;0;;7;P;;;;;;;f;E;;2018-06-14 00:00:00;;;;;;;;;;01010000206A080000E35F6321324D2B41B9AC5718EF985941;
2786;N070GAY_S01E;AD700020505690;47;;Rue des Fleurs;;Arc-lès-Gray;70100;70026;894574.317273963;6710933.09686149;0127;ADRNIVX_0000000278279592;894572.985652803;6710945.45540849;20187000260000C0713;894577.303417661;6710929.94920214;;;;;1;0;1;0;1;0;;7;P;;;;;;;f;E;;2018-06-14 00:00:00;;;;;;;;;;01010000206A0800009EBB71A2DC4C2B418CFA3246A5995941;
1607;N070GAY_S01E;AD700020505691;49;;Rue des Fleurs;;Arc-lès-Gray;70100;70026;894549.297578202;6710917.2272259;0127;ADRNIVX_0000000278280011;894551.522699002;6710935.74985578;20187000260000C0712;894553.599592714;6710919.04553367;;;;;1;0;1;0;1;0;;7;P;;;;;;;f;E;;2018-06-14 00:00:00;;;;;;;;;;01010000206A080000892B5C98AA4C2B417CDE8A4EA1995941;
2787;N070GAY_S01E;AD700020505692;51;;Rue des Fleurs;;Arc-lès-Gray;70100;70026;894525.278670271;6710903.21619627;0127;ADRNIVX_0000000278280013;894521.674390826;6710917.43379564;20187000260000C0711;894529.594482219;6710905.91440408;;;;;1;0;1;0;1;0;;7;P;;;;;;;f;E;;2018-06-14 00:00:00;;;;;;;;;;01010000206A080000A7DEAD8E7A4C2B41E128D6CD9D995941;
2770;N070GAY_S01E;AD700020505693;44;;Rue des Fleurs;;Arc-lès-Gray;70100;70026;894519.273943288;6710949.53837585;0127;ADRNIVX_0000000278280007;894524.308954451;6710926.74539509;20187000260000C0692;894514.331799734;6710941.27645719;;;;;1;0;1;0;1;0;;7;P;;;;;;;f;E;;2018-06-14 00:00:00;;;;;;;;;;01010000206A0800006F4B428C6E4C2B41FCBF7462A9995941;
2393;N070GAY_S01E;AD700020505694;46;;Rue des Fleurs;;Arc-lès-Gray;70100;70026;894483.674490462;6710931.81013428;0127;ADRNIVX_0000000278280009;894512.27303677;6710912.23560474;20187000260000C0691;894483.247774931;6710925.79103189;;;;;1;0;1;0;1;0;;7;P;;;;;;;f;E;;2018-06-14 00:00:00;;;;;;;;;;01010000206A08000058D05659274C2B41763DD9F3A4995941;
2772;N070GAY_S01E;AD700020505695;48;;Rue des Fleurs;;Arc-lès-Gray;70100;70026;894486.247944883;6710899.49898433;0127;ADRNIVX_0000000278280010;894508.231833698;6710897.54282236;20187000260000C0690;894488.724694709;6710896.29118601;;;;;1;0;1;0;1;0;;7;P;;;;;;;f;E;;2018-06-14 00:00:00;;;;;;;;;;01010000206A080000B9A1F27E2C4C2B41F75BEFDF9C995941;
2292;N070GAY_S01E;AD700020505696;77;;Avenue Jean Jaurès;;Arc-lès-Gray;70100;70026;894455.795400899;6710384.8081001;0200;ADRNIVX_0000000278280416;894454.019794699;6710389.04048198;2018700026000AO0244;894459.713803862;6710380.02401356;;;;;1;0;1;0;1;0;;1;P;;;;;;;f;E;;2018-06-14 00:00:00;;;;;;;;;;01010000206A08000065C93E97EF4B2B4179E9B7331C995941;
2230;N070GAY_S01E;AD700020505697;79;;Avenue Jean Jaurès;;Arc-lès-Gray;70100;70026;894424.913947846;6710372.79864613;0200;ADRNIVX_0000000278280417;894432.535479037;6710382.22462676;2018700026000AO0242;894426.819101454;6710375.49611893;;;;;1;0;1;0;1;0;;1;P;;;;;;;f;E;;2018-06-14 00:00:00;;;;;;;;;;01010000206A080000D6F8F0D3B14B2B41AB041D3319995941;
2222;N070GAY_S01E;AD700020505700;81;;Avenue Jean Jaurès;;Arc-lès-Gray;70100;70026;894418.480311793;6710397.6753722;0200;ADRNIVX_0000000278280418;894431.41314867;6710391.19098904;2018700026000AO0239;894419.485602535;6710399.17190293;;;;;1;0;1;0;1;0;;1;P;;;;;;;f;E;;2018-06-14 00:00:00;;;;;;;;;;01010000206A080000636DEBF5A44B2B41564C396B1F995941;
1388;N070GAY_S01E;AD700020505710;3;BIS;Rue de la Nitrière;;Arc-lès-Gray;70100;70026;894619.941872102;6709899.52723015;0235;ADRNIVX_0000000278281203;894634.102774865;6709902.65446954;2018700026000AP0142;894612.089936363;6709889.78847552;;;;;1;0;1;0;1;0;;7;P;;;;;;;f;E;;2018-06-09 00:00:00;;;;;;;;;;01010000206A080000660F3DE2374D2B418823BEE1A2985941;
2675;N070GAY_S01E;AD700020505713;14;;Rue des Fleurs;;Arc-lès-Gray;70100;70026;894629.251232809;6710738.48973619;0127;ADRNIVX_0000000278279981;894585.824095414;6710725.91120178;20187000260000C0566;894621.158654783;6710733.5125787;;;;;1;0;1;0;1;0;;7;P;;;;;;;f;E;;2018-06-14 00:00:00;;;;;;;;;;01010000206A0800003296A1804A4D2B4177D6579F74995941;
1405;N070GAY_S01E;AD700020505718;8;BIS;Rue des Granges;;Arc-lès-Gray;70100;70026;894689.264904775;6710408.82700803;0160;ADRNIVX_0000000278280357;894678.7181489;6710413.95564073;20187000260000C0825;894688.533865692;6710409.31470614;;;;;1;0;1;0;1;0;;7;P;;;;;;;f;E;;2018-06-14 00:00:00;;;;;;;;;;01010000206A0800004699A187C24D2B4116B3ED3422995941;
2714;N070GAY_S01E;AD700020505719;21;;Rue des Granges;;Arc-lès-Gray;70100;70026;894663.673330254;6710399.10506911;0160;ADRNIVX_0000000278280368;894672.26701139;6710408.40924009;20187000260000C0580;894655.10982364;6710405.16125708;;;;;1;0;1;0;1;0;;7;P;;;;;;;f;E;;2018-06-14 00:00:00;;;;;;;;;;01010000206A08000037BEBE588F4D2B41C573B9C61F995941;
2715;N070GAY_S01E;AD700020505720;23;;Rue des Granges;;Arc-lès-Gray;70100;70026;894655.38108823;6710427.55603743;0160;ADRNIVX_0000000278280369;894675.269151009;6710429.51473052;20187000260000C0579;894661.564811426;6710430.60945097;;;;;1;0;1;0;1;0;;7;P;;;;;;;f;E;;2018-06-14 00:00:00;;;;;;;;;;01010000206A0800001AFF1DC37E4D2B41021E96E326995941;
2688;N070GAY_S01E;AD700020505721;10;;Rue des Granges;;Arc-lès-Gray;70100;70026;894698.271995249;6710460.72500552;0160;ADRNIVX_0000000278280360;894687.828343529;6710469.49509483;20187000260000C0826;894694.038816249;6710450.27210192;;;;;1;0;1;0;1;0;;7;P;;;;;;;f;E;;2018-06-14 00:00:00;;;;;;;;;;01010000206A0800001AF6428BD44D2B41917D662E2F995941;
;N070GAY_S01E;AD700020505731;4;;Rue de l'Auberpin;;Arc-lès-Gray;70100;70026;894736.730841877;6710236.26259212;0022;ADRNIVX_0000002005958882;894754.618812109;6710232.15626727;2018700026000AP0178;894732.061425524;6710230.79828132;;;;;1;1;1;1;2;0;;7;P;;;;;;;f;C;;2018-06-14 00:00:00;;;;;Coiffeur;Artisans ou libérales;;;;01010000206A08000014E83076214E2B41324FCE10F7985941;
2294;N070GAY_S01E;AD700020505732;63;;Avenue Jean Jaurès;;Arc-lès-Gray;70100;70026;894540.647911953;6710242.12434941;0200;ADRNIVX_0000000278280389;894552.828677584;6710248.6685809;2018700026000AO0122;894522.351650043;6710237.35433521;;;;;1;0;1;0;1;0;;1;P;;;;;;;f;E;;2018-06-14 00:00:00;;;;;;;;;;01010000206A080000941DBB4B994C2B413957F587F8985941;
1421;N070GAY_S01E;AD700020505739;4;;Rue Jean Moulin;;Arc-lès-Gray;70100;70026;894516.411832677;6710013.59556218;0203;ADRNIVX_0000000278281228;894498.01822062;6710000.23586996;2018700026000ZI0062;894528.780657592;6710015.51753804;;;;;1;0;1;0;1;0;;1;P;;;;;;;f;E;;2018-06-09 00:00:00;;;;;;;;;;01010000206A08000091BBDBD2684C2B41D4B01D66BF985941;
1394;N070GAY_S01E;AD700020505745;14;;Rue des Granges;;Arc-lès-Gray;70100;70026;894730.869084584;6710517.34100279;0160;ADRNIVX_0000000278280364;894702.286491922;6710527.43270952;2018700026000ZE0082;894741.584686553;6710516.40859485;;;;;1;0;1;0;1;0;;7;P;;;;;;;f;E;;2018-06-14 00:00:00;;;;;;;;;;01010000206A08000095A7F8BC154E2B415BFDD2553D995941;
2454;N070GAY_S01E;AD700020505748;65;;Avenue Jean Jaurès;;Arc-lès-Gray;70100;70026;894537.216639392;6710253.27598523;0200;ADRNIVX_0000000278280390;894549.400118929;6710259.00439162;2018700026000AO0123;894518.781894009;6710248.26057219;;;;;1;0;1;0;1;0;;1;P;;;;;;;f;E;;2018-06-14 00:00:00;;;;;;;;;;01010000206A080000BD5BEB6E924C2B41F8BDA951FB985941;
2282;N070GAY_S01E;AD700020505749;67;;Avenue Jean Jaurès;;Arc-lès-Gray;70100;70026;894537.073669702;6710263.71277261;0200;ADRNIVX_0000000278280391;894548.913266034;6710273.88242435;2018700026000AO0125;894529.861945375;6710267.37409319;;;;;1;0;1;0;1;0;;1;P;;;;;;;f;E;;2018-06-14 00:00:00;;;;;;;;;;01010000206A080000FF08B825924C2B4101119EEDFD985941;
2726;N070GAY_S01E;AD700020505754;12;;Rue des Lilas;;Arc-lès-Gray;70100;70026;894629.408856892;6710690.72963896;0213;ADRNIVX_0000000278280034;894617.922604262;6710684.72521422;20187000260000C0568;894630.984707877;6710687.49808715;;;;;1;0;1;0;1;0;;7;P;;;;;;;f;E;;2018-06-14 00:00:00;;;;;;;;;;01010000206A080000C6B055D14A4D2B419767B2AE68995941;
2673;N070GAY_S01E;AD700020505755;5;;Rue des Lilas;;Arc-lès-Gray;70100;70026;894590.94858057;6710682.06031437;0213;ADRNIVX_0000000278280029;894601.907009253;6710669.75153839;20187000260000C0592;894599.699410946;6710682.39575013;;;;;1;0;1;0;1;0;;7;P;;;;;;;f;E;;2018-06-14 00:00:00;;;;;;;;;;01010000206A0800003F5AACE5FD4C2B41D330DC8366995941;
2677;N070GAY_S01E;AD700020505756;10;;Rue des Fleurs;;Arc-lès-Gray;70100;70026;894572.348938743;6710682.53318662;0127;ADRNIVX_0000000278279979;894556.019133921;6710671.69524541;20187000260000C0596;894570.692920397;6710676.50284735;;;;;1;0;1;0;1;0;;7;P;;;;;;;f;E;;2018-06-14 00:00:00;;;;;;;;;;01010000206A0800005219A8B2D84C2B41CBBA1FA266995941;
2711;N070GAY_S01E;AD700020505757;1;;Rue des Lilas;;Arc-lès-Gray;70100;70026;894573.767555492;6710608.76511565;0213;ADRNIVX_0000000278280025;894590.005548932;6710609.67485239;20187000260000C0560;894577.258047294;6710605.37773228;;;;;1;0;1;0;1;0;;7;P;;;;;;;f;E;;2018-06-14 00:00:00;;;;;;;;;;01010000206A0800009308FD88DB4C2B419FA7F73054995941;
2725;N070GAY_S01E;AD700020505758;10;;Rue des Lilas;;Arc-lès-Gray;70100;70026;894630.985097725;6710658.73195005;0213;ADRNIVX_0000000278280033;894620.870310747;6710659.14624259;20187000260000C0569;894633.942052797;6710664.05867305;;;;;1;0;1;0;1;0;;7;P;;;;;;;f;E;;2018-06-14 00:00:00;;;;;;;;;;01010000206A0800009DBA5EF84D4D2B410545D8AE60995941;
2703;N070GAY_S01E;AD700020505759;6;;Rue des Fleurs;;Arc-lès-Gray;70100;70026;894588.426595238;6710574.08781733;0127;ADRNIVX_0000000278279977;894569.803896906;6710565.99893022;20187000260000C0559;894585.252925832;6710570.56720984;;;;;1;0;1;0;1;0;;7;P;;;;;;;f;E;;2018-06-14 00:00:00;;;;;;;;;;01010000206A080000E6B06ADAF84C2B418FCC9E854B995941;
2696;N070GAY_S01E;AD700020505760;4;;Rue des Fleurs;;Arc-lès-Gray;70100;70026;894581.33351149;6710551.38994933;0127;ADRNIVX_0000000278279976;894571.990234308;6710542.95146443;20187000260000C0558;894587.733458859;6710545.87799732;;;;;1;0;1;0;1;0;;7;P;;;;;;;f;E;;2018-06-14 00:00:00;;;;;;;;;;01010000206A0800009D04C2AAEA4C2B410BEEF4D845995941;
1367;N070GAY_S01E;AD700020505761;9;;Rue des Granges;;Arc-lès-Gray;70100;70026;894614.348787181;6710259.42368191;0160;ADRNIVX_0000000278280359;894641.669825596;6710263.2470834;2018700026000AO0193;894614.950786544;6710264.35018022;;;;;1;0;1;0;1;0;;7;P;;;;;;;f;E;;2018-06-14 00:00:00;;;;;;;;;;01010000206A080000C33B94B22C4D2B41BE9A1DDBFC985941;
1191;N070GAY_S01E;AD700020505762;2;;Rue du Réservoir;;Arc-lès-Gray;70100;70026;894674.110117628;6710265.4284089;0323;ADRNIVX_0000000278280400;894662.035311284;6710278.91897569;2018700026000AP0078;894670.577270867;6710268.60349161;;;;;1;0;1;0;1;0;;7;P;;;;;;;f;E;;2018-06-14 00:00:00;;;;;;;;;;01010000206A0800007A566138A44D2B41250D6B5BFE985941;
2669;N070GAY_S01E;AD700020505763;5;;Rue des Roses;;Arc-lès-Gray;70100;70026;894611.439711397;6710558.325409;0356;ADRNIVX_0000000278280036;894615.974016101;6710543.94654497;20187000260000C0588;894616.44908463;6710557.18206281;;;;;1;0;1;0;1;0;;1;P;;;;;;;f;E;;2018-06-14 00:00:00;;;;;;;;;;01010000206A0800002EDA21E1264D2B414280D39447995941;
2712;N070GAY_S01E;AD700020505764;14;;Rue des Roses;;Arc-lès-Gray;70100;70026;894648.323746886;6710548.55271583;0356;ADRNIVX_0000000278280038;894640.265632637;6710540.96272586;20187000260000C0574;894651.580288651;6710547.56556925;;;;;1;0;1;0;1;0;;1;P;;;;;;;f;E;;2018-06-14 00:00:00;;;;;;;;;;01010000206A080000DE26C2A5704D2B413BB25F2345995941;
2722;N070GAY_S01E;AD700020505765;18;;Rue des Roses;;Arc-lès-Gray;70100;70026;894645.801761553;6710597.73142982;0356;ADRNIVX_0000000278280040;894630.536540182;6710577.99032855;20187000260000C0572;894642.037358737;6710592.80904635;;;;;1;0;1;0;1;0;;1;P;;;;;;;f;E;;2018-06-14 00:00:00;;;;;;;;;;01010000206A080000857D809A6B4D2B4103BFCF6E51995941;
2691;N070GAY_S01E;AD700020505771;15;;Rue des Fleurs;;Arc-lès-Gray;70100;70026;894545.710468668;6710551.19291923;0127;ADRNIVX_0000000278279982;894560.999522764;6710547.14888154;20187000260000C0634;894547.069954726;6710546.549151;;;;;1;0;1;0;1;0;;7;P;;;;;;;f;E;;2018-06-14 00:00:00;;;;;;;;;;01010000206A0800009A8CC26BA34C2B41E8C958CC45995941;
2070;N070GAY_S01E;AD700020505772;7;;Rue du Souvenir;;Arc-lès-Gray;70100;70026;894890.779374401;6709692.01598896;0360;ADRNIVX_0000000278282081;894887.791887668;6709680.66381309;2018700026000AR0011;894897.59448915;6709698.49141016;;;;;1;0;1;0;1;0;;1;P;;;;;;;f;E;;2018-06-18 00:00:00;;;;;;;;;;01010000206A0800005A290A8F554F2B4192F605016F985941;
2683;N070GAY_S01E;AD700020505779;27;BIS;Rue des Fleurs;;Arc-lès-Gray;70100;70026;894528.066579219;6710709.1169708;0127;ADRNIVX_0000000278279995;894540.791092898;6710708.6541827;20187000260000C0683;894524.583377268;6710703.28796242;;;;;1;0;1;0;1;0;;7;P;;;;;;;f;E;;2018-06-14 00:00:00;;;;;;;;;;01010000206A080000E2AB1622804C2B4113737C476D995941;
1590;N070GAY_S01E;AD700020505834;27;;Avenue Jean Jaurès;;Arc-lès-Gray;70100;70026;894700.889855947;6709885.9779968;0200;ADRNIVX_0000000278281175;894706.914916019;6709891.2559736;2018700026000AP0027;894694.402779639;6709882.826907;;;;;1;0;1;0;1;0;;1;P;;;;;;;f;E;;2018-06-09 00:00:00;;;;;;;;;;01010000206A080000E0329BC7D94D2B41E57F977E9F985941;
2257;N070GAY_S01E;AD700020505835;25;;Avenue Jean Jaurès;;Arc-lès-Gray;70100;70026;894705.753683303;6709874.39745548;0200;ADRNIVX_0000000278281173;894714.695153725;6709876.95025556;2018700026000AP0163;894701.597400061;6709869.73232064;;;;;1;0;1;0;1;0;;2;P;;;;;;;f;E;;2018-06-09 00:00:00;;;;;;;;;;01010000206A08000023C7E281E34D2B411BE96F999C985941;
1622;N070GAY_S01E;AD700020505842;39;;Avenue Jean Jaurès;;Arc-lès-Gray;70100;70026;894644.608425119;6709985.33904135;0200;ADRNIVX_0000000358328231;894655.370047355;6709989.82453547;2018700026000AP0184;894645.115445811;6709981.85387693;;;;;1;1;1;1;2;0;;1;P;;;;;;;f;E;;2018-06-09 00:00:00;;;;;ARTISAN PEINTRE;Artisans ou libérales;;;;01010000206A080000497F8337694D2B417EDAB255B8985941;
2129;N070GAY_S01E;AD700020505843;13;;Avenue Jean Jaurès;;Arc-lès-Gray;70100;70026;894761.803503305;6709775.03641093;0200;ADRNIVX_0000000278281156;894768.784948665;6709776.68717529;2018700026000AP0035;894754.391963148;6709768.20281547;;;;;1;0;1;0;1;0;;1;P;;;;;;;f;E;;2018-06-09 00:00:00;;;;;;;;;;01010000206A080000FFC8649B534E2B41828E54C283985941;
1228;N070GAY_S01E;AD700020505851;1;;Rue Jean Moulin;;Arc-lès-Gray;70100;70026;894492.903333792;6709917.94029085;0203;ADRNIVX_0000000278281192;894521.470359867;6709935.42529684;2018700026000ZI0058;894498.532457083;6709917.87783114;;;;;1;0;1;0;1;0;;1;P;;;;;;;f;E;;2018-06-09 00:00:00;;;;;;;;;;01010000206A0800004EC481CE394C2B41B1B92D7CA7985941;
1420;N070GAY_S01E;AD700020505852;2;;Rue Jean Moulin;;Arc-lès-Gray;70100;70026;894519.306968008;6709990.66609036;0203;ADRNIVX_0000000278281194;894505.977474639;6709985.04655842;2018700026000ZI0063;894537.973210197;6709997.98227994;;;;;1;0;1;0;1;0;;1;P;;;;;;;f;E;;2018-06-09 00:00:00;;;;;;;;;;01010000206A08000026E92A9D6E4C2B417639A1AAB9985941;
1267;N070GAY_S01E;AD700020505853;5;;Rue de la Nitrière;;Arc-lès-Gray;70100;70026;894594.001459539;6709940.75395726;0235;ADRNIVX_0000000278281204;894608.516867225;6709940.49676523;2018700026000AP0005;894578.5530106;6709915.30120243;;;;;1;0;1;0;1;0;Aero-souterrain ENEDIS;9;P;;;;;;;f;E;;2018-06-09 00:00:00;;;;;;;;;;01010000206A080000024EBF00044D2B41F3D54030AD985941;
1697;N070GAY_S01E;AD700020505854;7;;Rue de la Nitrière;;Arc-lès-Gray;70100;70026;894571.07198772;6709924.07797776;0235;ADRNIVX_0000000278281205;894576.591536156;6709921.00119185;2018700026000AP0005;894578.5530106;6709915.30120243;;;;;1;0;1;0;1;0;Aero-souterrain ENEDIS;9;P;;;;;;;f;E;;2018-06-09 00:00:00;;;;;;;;;;01010000206A0800001093DB24D64C2B416996FD04A9985941;
1684;N070GAY_S01E;AD700020505855;9;;Rue de la Nitrière;;Arc-lès-Gray;70100;70026;894552.658927017;6709913.53968515;0235;ADRNIVX_0000000278281206;894562.916793168;6709910.43914986;2018700026000AP0005;894578.5530106;6709915.30120243;;;;;1;0;1;0;1;0;;1;P;;;;;;;f;E;;2018-06-09 00:00:00;;;;;;;;;;01010000206A080000CBE15E51B14C2B4197338A62A6985941;
2491;N070GAY_S01E;AD700020505856;3;;Rue de la Nitrière;;Arc-lès-Gray;70100;70026;894640.32362483;6709880.76675321;0235;ADRNIVX_0000000278281202;894643.991168344;6709888.41767558;2018700026000AP0009;894635.887377686;6709883.49386478;;;;;1;0;1;0;1;0;;7;P;;;;;;;f;E;;2018-06-09 00:00:00;;;;;;;;;;01010000206A0800005927B2A5604D2B410C7C12319E985941;
2074;N070GAY_S01E;AD700020505857;1;BIS;Rue de la Nitrière;;Arc-lès-Gray;70100;70026;894642.408122268;6709863.1643304;0235;ADRNIVX_0000000278281201;894652.389216225;6709871.35338471;2018700026000AP0140;894636.040248338;6709862.90984275;;;;;1;0;1;0;1;0;;7;P;;;;;;;f;E;;2018-06-09 00:00:00;;;;;;;;;;01010000206A080000E366F5D0644D2B41A56384CA99985941;
1378;N070GAY_S01E;AD700020505858;1;;Rue de la Nitrière;;Arc-lès-Gray;70100;70026;894650.861917434;6709852.85764862;0235;ADRNIVX_0000000278281200;894662.012858183;6709855.9964636;2018700026000AP0011;894657.987788562;6709849.96410854;;;;;1;0;1;0;1;0;;7;P;;;;;;;f;E;;2018-06-09 00:00:00;;;;;;;;;;01010000206A080000EA3D4DB9754D2B410AB7E33697985941;
1204;N070GAY_S01E;AD700020505859;55;;Avenue Jean Jaurès;;Arc-lès-Gray;70100;70026;894584.852831894;6710128.4745321;0200;ADRNIVX_0000000278280385;894594.907450013;6710126.00343755;2018700026000AO0116;894576.831733502;6710119.24074893;;;;;1;0;1;0;1;0;;1;P;;;;;;;f;E;;2018-06-09 00:00:00;;;;;;;;;;01010000206A080000CC61A6B4F14C2B41DFBB5E1EDC985941;
2044;N070GAY_S01E;AD700020505860;33;;Avenue Jean Jaurès;;Arc-lès-Gray;70100;70026;894675.412665037;6709932.53177292;0200;ADRNIVX_0000000278281179;894686.266461334;6709927.92585451;2018700026000AP0120;894676.696068768;6709921.83375515;;;;;1;0;1;0;1;0;;1;P;;;;;;;f;E;;2018-06-09 00:00:00;;;;;;;;;;01010000206A080000F0D448D3A64D2B4147910822AB985941;
2048;N070GAY_S01E;AD700020505861;19;BIS;Avenue Jean Jaurès;;Arc-lès-Gray;70100;70026;894744.895912973;6709807.46192663;0200;ADRNIVX_0000000278281163;894751.520155779;6709806.68759529;2018700026000AP0123;894743.565636969;6709802.76387538;;;;;1;0;1;0;1;0;;1;P;;;;;;;f;E;;2018-06-09 00:00:00;;;;;;;;;;01010000206A080000F21AB5CA314E2B41BA3490DD8B985941;
1240;N070GAY_S01E;AD700020505862;19;;Avenue Jean Jaurès;;Arc-lès-Gray;70100;70026;894753.233902726;6709794.49172035;0200;ADRNIVX_0000000278281162;894757.301738361;6709795.8732311;2018700026000AP0032;894743.155547336;6709782.0213328;;;;;1;0;1;0;1;0;;1;P;;;;;;;f;E;;2018-06-09 00:00:00;;;;;;;;;;01010000206A0800001B19C277424E2B41A458789F88985941;
2241;N070GAY_S01E;AD700020505863;17;;Avenue Jean Jaurès;;Arc-lès-Gray;70100;70026;894756.013232643;6709783.37440068;0200;ADRNIVX_0000000278281159;894763.405283942;6709786.73665187;2018700026000AP0033;894755.673042481;6709782.80814773;;;;;1;0;1;0;1;0;;1;P;;;;;;;f;E;;2018-06-09 00:00:00;;;;;;;;;;01010000206A080000D46DC606484E2B41472EF6D785985941;
2288;N070GAY_S01E;AD700020505864;49;;Avenue Jean Jaurès;;Arc-lès-Gray;70100;70026;894604.308141316;6710079.83625854;0200;ADRNIVX_0000000278281188;894609.020596859;6710084.00647956;2018700026000AO0113;894594.926856914;6710078.45387946;;;;;1;0;1;0;1;0;;1;P;;;;;;;f;E;;2018-06-09 00:00:00;;;;;;;;;;01010000206A080000D7B2C49D184D2B418C4285F5CF985941;
2248;N070GAY_S01E;AD700020505882;23;;Avenue Jean Jaurès;;Arc-lès-Gray;70100;70026;894719.881943717;6709856.79503267;0200;ADRNIVX_0000000278281170;894727.70223648;6709857.25828342;2018700026000AP0162;894709.344398606;6709854.4866315;;;;;1;0;1;0;1;0;;1;P;;;;;;;f;E;;2018-06-09 00:00:00;;;;;;;;;;01010000206A08000077208EC3FF4D2B41B3D0E13298985941;
2240;N070GAY_S01E;AD700020505883;29;;Avenue Jean Jaurès;;Arc-lès-Gray;70100;70026;894698.658640269;6709892.94475945;0200;ADRNIVX_0000000278281177;894701.471057679;6709900.96995565;2018700026000AP0027;894694.402779639;6709882.826907;;;;;1;0;1;0;1;0;;1;P;;;;;;;f;E;;2018-06-09 00:00:00;;;;;;;;;;01010000206A0800001E4C3951D54D2B4156F0763CA1985941;
2245;N070GAY_S01E;AD700020505884;21;BIS;Avenue Jean Jaurès;;Arc-lès-Gray;70100;70026;894726.367046857;6709846.37254548;0200;ADRNIVX_0000000278281168;894738.672699268;6709837.61078289;2018700026000AP0186;894708.489935114;6709841.60563875;;;;;1;2;1;1;2;0;;1;I;;;;;;;f;E;;2018-06-09 00:00:00;;;;;RESTAURANT;Commerce de proximité;;;;01010000206A080000CF90EDBB0C4E2B41FDC8D79795985941;
;N070GAY_S01E;AD700020505885;21;;Avenue Jean Jaurès;;Arc-lès-Gray;70100;70026;894727.756711816;6709829.00173349;0200;ADRNIVX_0000000278281167;894730.814487919;6709849.69093905;2018700026000AP0030;894723.481959262;6709824.18523009;;;;;1;0;1;0;1;0;;1;P;;;;;;;f;C;;2018-06-09 00:00:00;;;;;;;;;;01010000206A0800002CBB6F830F4E2B41CC661C4091985941;
1417;N070GAY_S01E;AD700020505921;4;;Rue Louis Ravillon;;Arc-lès-Gray;70100;70026;894551.848289125;6709974.68494333;0225;ADRNIVX_0000000278281198;894561.282195761;6709951.17728115;2018700026000ZI0055;894550.97452362;6709970.74581268;;;;;1;0;1;0;1;0;;1;P;;;;;;;f;E;;2018-06-09 00:00:00;;;;;;;;;;01010000206A080000C0F352B2AF4C2B41911CD6ABB5985941;
1422;N070GAY_S01E;AD700020505922;7;;Rue Jean Moulin;;Arc-lès-Gray;70100;70026;894479.006684205;6709995.4141123;0203;ADRNIVX_0000000278281229;894493.826326185;6709992.42947389;2018700026000ZI0061;894473.122898937;6709985.24447249;;;;;1;0;1;0;1;0;Aero-souterrain ENEDIS;9;P;;;;;;;f;E;;2018-06-09 00:00:00;;;;;;;;;;01010000206A080000B41C6C031E4C2B41E4D080DABA985941;
2507;N070GAY_S01E;AD700020505923;5;;Rue Jean Moulin;;Arc-lès-Gray;70100;70026;894488.386922676;6709971.32658635;0203;ADRNIVX_0000000278281196;894503.79247678;6709971.19262506;2018700026000ZI0060;894482.538325833;6709962.34892772;;;;;1;0;1;0;1;0;;1;P;;;;;;;f;E;;2018-06-09 00:00:00;;;;;;;;;;01010000206A080000A2BA1AC6304C2B4171CAE6D4B4985941;
1423;N070GAY_S01E;AD700020505924;3;;Rue Jean Moulin;;Arc-lès-Gray;70100;70026;894498.114577387;6709948.04969829;0203;ADRNIVX_0000000278281195;894513.726002593;6709950.95506459;2018700026000ZI0059;894491.381797948;6709941.62269317;;;;;1;0;1;0;1;0;Aero-souterrain ENEDIS;9;P;;;;;;;f;E;;2018-06-09 00:00:00;;;;;;;;;;01010000206A08000027E3A93A444C2B41C0412E03AF985941;
2041;N070GAY_S01E;AD700020505986;22;;Avenue Jean Jaurès;;Arc-lès-Gray;70100;70026;894677.743406515;6709983.63167023;0200;ADRNIVX_0000000278281169;894671.423354741;6709980.68017465;2018700026000AP0056;894691.579556313;6709989.24521839;;;;;1;0;1;0;1;0;;2;P;;;;;;;f;E;;2018-06-11 00:00:00;;;;;;;;;;01010000206A08000057C79F7CAB4D2B41FC486DE8B7985941;
1217;N070GAY_S01E;AD700020505987;37;;Avenue Jean Jaurès;;Arc-lès-Gray;70100;70026;894660.805671166;6709963.10814289;0200;ADRNIVX_0000000278281181;894666.684863305;6709968.85439326;2018700026000AP0139;894655.108149102;6709962.64277372;;;;;1;0;1;0;1;0;;1;P;;;;;;;f;E;;2018-06-21 00:00:00;;;;;;;;;;01010000206A08000058EE809C894D2B4129D0EBC6B2985941;
2053;N070GAY_S01E;AD700020505988;14;;Avenue Jean Jaurès;;Arc-lès-Gray;70100;70026;894774.641302056;6709809.64044903;0200;ADRNIVX_0000000278281157;894769.716685704;6709801.1704512;2018700026000AP0042;894781.853721009;6709807.55816322;;;;;2;0;2;0;2;0;;7;P;;;;;;;f;E;;2018-06-11 00:00:00;;;;;;;;;;01010000206A0800003ABE58486D4E2B41EB1DFD688C985941;
2058;N070GAY_S01E;AD700020505989;26;;Avenue Jean Jaurès;;Arc-lès-Gray;70100;70026;894663.463716645;6710019.75588567;0200;ADRNIVX_0000000278281174;894654.7365113;6710011.47783323;2018700026000AP0058;894673.009706405;6710017.49614272;;;;;1;0;1;0;1;0;;2;P;;;;;;;f;E;;2018-06-11 00:00:00;;;;;;;;;;01010000206A080000A2446CED8E4D2B414D6E60F0C0985941;
2293;N070GAY_S01E;AD700020505992;30;;Avenue Jean Jaurès;;Arc-lès-Gray;70100;70026;894616.779271912;6710136.61271815;0200;ADRNIVX_0000000278280373;894605.527233244;6710135.46524517;2018700026000AO0152;894617.080956922;6710138.75635697;;;;;1;0;1;0;1;0;Aero-souterrain Orange;9;P;;;;;;;f;E;;2018-06-14 00:00:00;;;;;;;;;;01010000206A08000065BAFC8E314D2B412DC63627DE985941;
2072;N070GAY_S01E;AD700020505996;3;;Rue du Souvenir;;Arc-lès-Gray;70100;70026;894912.462245303;6709737.28490269;0360;ADRNIVX_0000000278281213;894865.49550171;6709762.96128944;2018700026000AR0009;894908.80074715;6709740.27890321;;;;;1;0;1;0;1;0;Aero-souterrain ENEDIS;9;P;;;;;;;f;E;;2018-06-18 00:00:00;;;;;;;;;;01010000206A080000956AABEC804F2B417ED83B527A985941;
;N070GAY_S01E;AD700020506024;;;RUE  DE LA NITRIERE            ;;Arc-lès-Gray;70100;70026;894664.411150781;6709846.02512924;0235;;;;2018700026000AP0011;894657.987788562;6709849.96410854;;;;;0;0;0;0;0;0;;;P;;;;;;;f;S;Adresse a fiabiliser (Mairie);Adresse a creer (manque BAN);2018-06-09 00:00:00;;;;;;;;;;01010000206A080000ED5A82D2904D2B41ACB79B8195985941;
;N070GAY_S01E;AD700020506025;;;;;Arc-lès-Gray;70100;70026;894624.921504871;6709970.0527268;;;;;2018700026000AP0150;894628.904089126;6709970.77763126;;;;;0;0;0;0;0;0;;;P;;;;;;;f;S;Adresse a fiabiliser (Mairie);Adresse a creer (manque BAN);2018-06-09 00:00:00;;;;;;;;;;01010000206A080000847CCFD7414D2B413FE05F83B4985941;
;N070GAY_S01E;AD700020506026;;;AV   JEAN JAURES               ;;Arc-lès-Gray;70100;70026;894680.739714046;6709917.24545837;0200;;;;2018700026000AP0120;894676.696068768;6709921.83375515;;;;;0;0;0;0;0;0;;;P;;;;;;;f;S;Adresse a fiabiliser (Mairie);Adresse a creer (manque BAN);2018-06-09 00:00:00;;;;;;;;;;01010000206A080000A7CCBB7AB14D2B410997B54FA7985941;
;N070GAY_S01E;AD700020506027;4;;RUE  DES GRANGES               ;;Arc-lès-Gray;70100;70026;894653.641247351;6710120.599764;0160;;;;2018700026000AP0145;894664.770932604;6710131.35105093;;;;;1;0;1;0;1;0;;7;P;;;;;;;f;C;Adresse a creer (manque BAN);2018-06-09 00:00:00;;;;;;;;;;01010000206A080000A29251487B4D2B4189886226DA985941;
;N070GAY_S01E;AD700020506035;4;B;Avenue Jean-Jaurès;;Arc-lès-Gray;70100;70026;894819.650566652;6709764.45399337;0200;;;;2018700026000AR0006;894818.659283236;6709756.11506001;;;;;1;0;1;0;1;0;;1;P;;;;;;;f;C;Adresse a creer (manque BAN);2018-06-11 00:00:00;;;;;;;;;;01010000206A0800007C12174DC74E2B41393A0E1D81985941;
;N070GAY_S01E;AD700020506052;;;;;Arc-lès-Gray;70100;70026;894819.222833821;6710082.78201686;;;;;2018700026000AP0066;894820.108372491;6710083.02797156;;;;;0;0;0;0;0;0;;;P;;;;;;;f;S;Adresse a fiabiliser (Mairie);Adresse a creer (manque BAN);2018-06-11 11:40:24.564093;;;;;;;;;;01010000206A0800004E461772C64E2B416D900CB2D0985941;
;N070GAY_S01E;AD700020506053;;;(R.D.n°67) Avenue Jean-Jaurès;;Arc-lès-Gray;70100;70026;894729.50728229;6709911.29824119;0200;;;;2018700026000AP0052;894733.19067255;6709912.95969265;;;;;0;0;0;0;0;0;;;P;;;;;;;f;S;Adresse a fiabiliser (Mairie);Adresse a creer (manque BAN);2018-06-11 11:40:22.098499;;;;;;;;;;01010000206A0800001F81BA03134E2B413A6216D3A5985941;
;N070GAY_S01E;AD700020506054;;;(R.D.n°67) Avenue Jean-Jaurès;;Arc-lès-Gray;70100;70026;894722.282439202;6709897.95353102;0200;;;;2018700026000AP0052;894733.19067255;6709912.95969265;;;;;0;0;0;0;0;0;;;P;;;;;;;f;S;Adresse a fiabiliser (Mairie);Adresse a creer (manque BAN);2018-06-11 11:40:22.271237;;;;;;;;;;01010000206A080000FEDE9B90044E2B41F6A6067DA2985941;
;N070GAY_S01E;AD700020506055;;;(R.D.n°67) Avenue Jean-Jaurès;;Arc-lès-Gray;70100;70026;894750.161833709;6709852.05452787;0200;;;;2018700026000AP0049;894752.947338272;6709849.00026637;;;;;0;0;0;0;0;0;;;P;;;;;;;f;S;Adresse a fiabiliser (Mairie);Adresse a creer (manque BAN);2018-06-11 11:40:22.557088;;;;;;;;;;01010000206A0800002CDEDB523C4E2B4172627D0397985941;
;N070GAY_S01E;AD700020506056;;;(R.D.n°67) Avenue Jean-Jaurès;;Arc-lès-Gray;70100;70026;894705.112812097;6709998.80384072;0200;;;;2018700026000AP0056;894691.579556313;6709989.24521839;;;;;0;0;0;0;0;0;;;P;;;;;;;f;S;Adresse a fiabiliser (Mairie);Adresse a creer (manque BAN);2018-06-11 11:40:24.048343;;;;;;;;;;01010000206A080000DA81C239E24D2B415A2072B3BB985941;
;N070GAY_S01E;AD700020506057;;;(R.D.n°67) Avenue Jean-Jaurès;;Arc-lès-Gray;70100;70026;894707.407762255;6709989.96403271;0200;;;;2018700026000AP0055;894695.837158179;6709974.30200787;;;;;0;0;0;0;0;0;;;P;;;;;;;f;S;Adresse a fiabiliser (Mairie);Adresse a creer (manque BAN);2018-06-11 11:40:24.219861;;;;;;;;;;01010000206A080000DB36C6D0E64D2B413DB6B27DB9985941;
;N070GAY_S01E;AD700020506058;;;(R.D.n°67) Avenue Jean-Jaurès;;Arc-lès-Gray;70100;70026;894722.02744474;6709991.74899394;0200;;;;2018700026000AP0161;894718.304988604;6709995.69226966;;;;;0;0;0;0;0;0;;;P;;;;;;;f;S;Adresse a fiabiliser (Mairie);Adresse a creer (manque BAN);2018-06-11 11:40:24.391352;;;;;;;;;;01010000206A080000AA3C0D0E044E2B414884EFEFB9985941;
;N070GAY_S01E;AD700020506060;;;(R.D.n°67) Avenue Jean-Jaurès;;Arc-lès-Gray;70100;70026;894697.037987469;6709948.69742895;0200;;;;2018700026000AP0052;894733.19067255;6709912.95969265;;;;;0;0;0;0;0;0;;;P;;;;;;;f;S;Adresse a fiabiliser (Mairie);Adresse a creer (manque BAN);2018-06-11 11:40:21.925712;;;;;;;;;;01010000206A080000F0177313D24D2B4104ADA22CAF985941;
;N070GAY_S01E;AD700020506061;;;(R.D.n°67) Avenue Jean-Jaurès;;Arc-lès-Gray;70100;70026;894785.691062074;6709784.99098437;;;;;2018700026000AP0041;894806.310117123;6709798.38737583;;;;;0;0;0;0;0;0;;;P;;;;;;;f;S;Adresse a fiabiliser (Mairie);Adresse a creer (manque BAN);2018-06-11 11:40:23.188334;;;;;;;;;;01010000206A0800005DE3D261834E2B41B8496C3F86985941;
;N070GAY_S01E;AD700020506119;6;;Chemin rural dit des Granges;;Arc-lès-Gray;70100;70026;894642.084907054;6710282.87071108;;;;;2018700026000AO0182;894641.662841128;6710278.99649197;;;;;0;1;0;1;1;0;;7;P;;;;;;;f;C;Adresse a creer (manque BAN);2018-06-14 00:00:00;;;;;ERDF;Transformateurs Electriques;;;;01010000206A080000F8EF782B644D2B41FBBAB9B702995941;
2716;N070GAY_S01E;AD700020506120;25;;RUE DES GRANGES;;Arc-lès-Gray;70100;70026;894666.246784675;6710449.14446063;0160;;;;20187000260000C0578;894665.470756516;6710455.18899183;;;;;1;0;1;0;1;0;;7;P;;;;;;;f;E;Adresse a creer (manque BAN);2018-06-14 00:00:00;;;;;;;;;;01010000206A080000988F5A7E944D2B41CAD73E492C995941;
;N070GAY_S01E;AD700020506176;12;;RUE  DES FLEURS                ;;Arc-lès-Gray;70100;70026;894600.406025568;6710725.40693728;0127;;;;20187000260000C0594;894598.245247722;6710723.48238968;;;;;1;0;1;0;1;0;;7;P;;;;;;;f;C;Adresse a creer (manque BAN);2018-06-14 00:00:00;;;;;;;;;;01010000206A0800004D95E2CF104D2B41A7420B5A71995941;
;N070GAY_S01E;AD700020506177;;;;;Arc-lès-Gray;70100;70026;894335.563500052;6711035.25694145;;;;;2018700026000ZD0008;894352.454772515;6711022.06777489;;;;;0;0;0;0;0;0;;;P;;;;;;;f;S;Adresse a fiabiliser (Mairie);Adresse a creer (manque BAN);2018-06-14 00:00:00;;;;;;;;;;01010000206A0800002E148320FF4A2B418EBA71D0BE995941;
;N070GAY_S01E;AD700020506178;;;;;Arc-lès-Gray;70100;70026;894326.598961963;6710990.25496024;;;;;2018700026000ZD0008;894352.454772515;6711022.06777489;;;;;0;0;0;0;0;0;;;P;;;;;;;f;S;Adresse a fiabiliser (Mairie);Adresse a creer (manque BAN);2018-06-14 00:00:00;;;;;;;;;;01010000206A0800007324AB32ED4A2B41C3445190B3995941;
;N070GAY_S01E;AD700020506179;;;Route départementale n°67 de Saint-Dizier (Haute-Marne) à Lausanne (Suisse);;Arc-lès-Gray;70100;70026;894387.199239447;6711308.67535318;;;;;2018700026000ZD0085;894337.133677994;6711290.3258805;;;;;0;1;0;1;1;1;;7;P;;;;;;;t;C;Adresse a fiabiliser (Mairie);Adresse a creer (manque BAN);Site isolé;2018-06-14 00:00:00;;;;;;Entreprises;;;;01010000206A08000076B60266664B2B4188FC382B039A5941;
;N070GAY_S01E;AD700020506180;16;;Chemin rural dit des Granges;;Arc-lès-Gray;70100;70026;894859.776454612;6710778.40803528;;;;;2018700026000ZE0092;895057.559445073;6710755.21674412;;;;;1;1;1;1;2;1;;7;P;;;;;;;t;C;Adresse a creer (manque BAN);Site isolé;2018-06-14 00:00:00;;;;;Ferme Agricole;Entreprises;;;;01010000206A08000078758B8D174F2B4105401D9A7E995941;
2775;N070GAY_S01E;AD700020506184;39;;RUE DES FLEURS;;Arc-lès-Gray;70100;70026;894600.721273734;6710882.24290015;0127;;;;20187000260000C0716;894606.598516625;6710878.82533457;;;;;1;0;1;0;1;0;;7;P;;;;;;;f;E;Adresse a creer (manque BAN);2018-06-14 00:00:00;;;;;;;;;;01010000206A08000078CA4A71114D2B410EAD8B8F98995941;
;N070GAY_S01E;AD700020506185;;;Route départementale n°67 de Saint-Dizier (Haute-Marne) à Lausanne (Suisse);;Arc-lès-Gray;70100;70026;894291.457972652;6711424.49718529;0200;;;;2018700026000ZD0086;894268.056173776;6711388.0738685;;;;;0;1;0;1;1;1;;7;P;;;;;;;t;C;Adresse a fiabiliser (Mairie);Adresse a creer (manque BAN);Site isolé;2018-06-14 00:00:00;;;;;FORMATION DE TRANSPORT LOGISTIQUE;Entreprises;;;;01010000206A08000037647BEAA64A2B4143E2D11F209A5941;
;N070GAY_S01E;AD700020506208;62;B;Route départementale n°67 Avenue Jean Jaurès;;Arc-lès-Gray;70100;70026;894520.293585238;6710602.17445866;0200;;;;20187000260000C0817;894470.511327867;6710641.31587986;;;;;0;1;0;1;1;0;;7;P;;;;;;;f;C;Adresse a creer (manque BAN);2018-06-14 00:00:00;;;;;Poste EDF;Transformateurs Electriques;;;;01010000206A080000EACD5096704C2B41AD542A8B52995941;
;N070GAY_S01E;AD700020506233;;;RUE  DU SOUVENIR               ;;Arc-lès-Gray;70100;70026;894883.988313337;6709720.72125085;0360;;;;2018700026000AR0010;894882.492364971;6709705.37058014;;;;;0;0;0;0;0;0;;;P;;;;;;;f;S;Adresse a fiabiliser (Mairie);Adresse a creer (manque BAN);2018-06-18 00:00:00;;;;;;;;;;01010000206A080000AC3404FA474F2B4151F9282E76985941;
;N070GAY_S01E;AD700020506234;;;;;Arc-lès-Gray;70100;70026;894897.055741816;6709721.84943212;;;;;2018700026000AR0123;894898.885891001;6709734.44491033;;;;;0;0;0;0;0;0;;;P;;;;;;;f;S;Adresse a fiabiliser (Mairie);Adresse a creer (manque BAN);2018-06-18 00:00:00;;;;;;;;;;01010000206A080000FD308A1C624F2B4188185D7676985941;
;N070GAY_S01E;AD700020606235;;;;;Arc-lès-Gray;70100;70026;894842.684363114;6709630.61525616;;;;;2018700026000AB0823;894829.098769871;6709607.31375023;;;;;0;0;0;0;0;0;;;P;;;;;;;f;S;Adresse a fiabiliser (Mairie);Adresse a creer (manque BAN);2018-06-18 00:00:00;;;;;;;;;;01010000206A08000094D7645EF54E2B41615B60A75F985941;
;N070GAY_S01E;AD700020506236;;;;;Arc-lès-Gray;70100;70026;894703.252137494;6709684.83710424;;;;;2018700026000AB0029;894690.574176208;6709686.79604364;;;;;0;0;0;0;0;0;;;P;;;;;;;f;S;Adresse a fiabiliser (Mairie);Adresse a creer (manque BAN);2018-06-18 00:00:00;;;;;;;;;;01010000206A080000682A1881DE4D2B41A91D93356D985941;
;N070GAY_S01E;AD700020506312;;;Route départementale n°67 de Saint-Dizier (Haute-Marne) à Lausanne (Suisse);;Arc-lès-Gray;70100;70026;894317.27584235;6711313.69549451;;;;;2018700026000ZD0085;894337.133677994;6711290.3258805;;;;;0;1;0;1;1;0;;7;P;;;;;;;t;C;Adresse a fiabiliser (Mairie);Adresse a creer (manque BAN);2018-06-14 00:00:00;;;;;ERDF;Transformateurs Electriques;;;;01010000206A0800005D353B8DDA4A2B4165FB826C049A5941;
;N070GAY_S01E;AD700020506342;;;(R.D.n°67) Avenue Jean-Jaurès;AUX GRANDES VIGNES NORD   ;Arc-lès-Gray;70100;70026;894759.596628801;6709841.34476046;B052;;;;2018700026000AP0048;894783.341704118;6709854.97687027;;;;;0;0;0;0;0;0;;;P;;;;;;;f;S;Adresse a fiabiliser (Mairie);Adresse a creer (manque BAN);2018-06-11 11:40:22.728643;;;;;;;;;;01010000206A080000875479314F4E2B41318E105694985941;
;N070GAY_S01E;AD700020506343;;;(R.D.n°67) Avenue Jean-Jaurès;;Arc-lès-Gray;70100;70026;894753.986750638;6709844.06470139;0200;;;;2018700026000AP0049;894752.947338272;6709849.00026637;;;;;0;0;0;0;0;0;;;P;;;;;;;f;S;Adresse a fiabiliser (Mairie);Adresse a creer (manque BAN);2018-06-11 11:40:22.901369;;;;;;;;;;01010000206A0800002E6137F9434E2B414E11240495985941;
2075;N070GAY_S01E;AD700020506352;41;;AV  JEAN JAURES;;Arc-lès-Gray;70100;70026;894630.016943053;6710011.51106474;;;;;2018700026000AP0134;894629.650643061;6710009.15634662;;;;;2;0;2;0;2;0;;1;P;;;;;;;f;E;Adresse a creer (manque BAN);2018-06-09 00:00:00;;;;;;;;;;01010000206A08000081C2AC084C4D2B41E148B5E0BE985941;
2784;N070GAY_S01E;AD700020506391;43;;RUE DES FLEURS;;Arc-lès-Gray;70100;70026;894602.053393836;6710911.07952922;0127;;894619.182087707;6710906.39811719;20187000260000C0715;894602.140023456;6710902.46061597;;;;;1;0;1;0;1;0;;7;P;;;;;;;f;E;Adresse a creer (manque BAN);2018-06-14 00:00:00;;;;;;;;;;01010000206A080000D36F561B144D2B41BD0117C59F995941;
2768;N070GAY_S01E;AD700020506392;40;;RUE DES FLEURS;;Arc-lès-Gray;70100;70026;894582.466546297;6710974.12916254;0127;;894580.820992348;6710957.04910198;20187000260000C0694;894579.201871818;6710970.06954827;;;;;1;0;1;0;1;0;;7;P;;;;;;;f;E;Adresse a creer (manque BAN);2018-06-14 00:00:00;;;;;;;;;;01010000206A080000FD27DFEEEC4C2B41F7324488AF995941;
2531;N070GAY_S01E;AD700020506395;74;;AV  JEAN JAURES;;Arc-lès-Gray;70100;70026;894451.434825352;6710702.05784235;0200;;894437.271433328;6710702.93337984;20187000260000C0815;894442.0046409;6710698.53133286;;;;;6;0;6;0;6;0;;7;I;;;;;;;f;E;Adresse a creer (manque BAN);2018-06-14 00:00:00;;;;;;;;;;01010000206A080000B76DA1DEE64B2B4168B0B3836B995941;
2273;N070GAY_S01E;AD700020506396;105;;AV  JEAN JAURES;;Arc-lès-Gray;70100;70026;894384.382040712;6710706.20396336;0200;;894395.793972971;6710712.91415039;2018700026000AO0053;894385.714045037;6710707.35864045;;;;;2;0;2;0;2;0;;1;P;;;;;;;f;E;Adresse a creer (manque BAN);2018-06-14 00:00:00;;;;;;;;;;01010000206A08000018D79AC3604B2B415ABC0D8D6C995941;
2788;N070GAY_S01E;AD700020506398;55;;RUE DES FLEURS;;Arc-lès-Gray;70100;70026;894529.49627612;6710851.01438817;0127;;894519.914366053;6710842.2393012;20187000260000C0709;894534.615125667;6710847.47427159;;;;;1;0;1;0;1;0;;7;P;;;;;;;f;E;Adresse a creer (manque BAN);2018-06-14 00:00:00;;;;;;;;;;01010000206A0800004FE717FE824C2B415CBCEBC090995941;
2603;N070GAY_S01E;AD700020506399;57;;RUE DES FLEURS;;Arc-lès-Gray;70100;70026;894542.792457294;6710825.42281365;0127;;894521.764011503;6710817.95814002;20187000260000C0708;894537.465447254;6710821.43462801;;;;;1;0;1;0;1;0;;7;P;;;;;;;f;E;Adresse a creer (manque BAN);2018-06-14 00:00:00;;;;;;;;;;01010000206A08000066F6BC959D4C2B41FE600F5B8A995941;
2767;N070GAY_S01E;AD700020506402;61;;RUE DES FLEURS;;Arc-lès-Gray;70100;70026;894533.856851666;6710773.81075554;0127;;894519.174548917;6710770.41269152;20187000260000C0706;894537.372697428;6710768.40701805;;;;;1;0;1;0;1;0;;7;P;;;;;;;f;E;Adresse a creer (manque BAN);2018-06-14 00:00:00;;;;;;;;;;01010000206A080000F842B5B68B4C2B41396BE3737D995941;
2765;N070GAY_S01E;AD700020506403;63;;RUE DES FLEURS;;Arc-lès-Gray;70100;70026;894549.083123657;6710740.92772683;0127;;;;20187000260000C0705;894544.237185567;6710738.05629705;;;;;1;0;1;0;1;0;;7;P;;;;;;;f;E;Adresse a creer (manque BAN);2018-06-14 00:00:00;;;;;;;;;;01010000206A080000162F8F2AAA4C2B415DE05F3B75995941;
2684;N070GAY_S01E;AD700020506404;27;;RUE DES FLEURS;;Arc-lès-Gray;70100;70026;894530.854488175;6710685.02657802;0127;;894547.285870706;6710687.52607599;20187000260000C0682;894529.409732444;6710682.34405547;;;;;1;0;1;0;1;0;;7;P;;;;;;;f;E;Adresse a creer (manque BAN);2018-06-14 00:00:00;;;;;;;;;;01010000206A08000060797FB5854C2B414C74B34167995941;
2687;N070GAY_S01E;AD700020506405;21;;RUE DES FLEURS;;Arc-lès-Gray;70100;70026;894545.00848749;6710621.26209626;0127;;;;20187000260000C0679;894540.405262906;6710617.26335698;;;;;1;0;1;0;1;0;;7;P;;;;;;;f;E;Adresse a creer (manque BAN);2018-06-14 00:00:00;;;;;;;;;;01010000206A080000EB785804A24C2B41622FC65057995941;
2782;N070GAY_S01E;AD700020506406;37;;RUE DES FLEURS;;Arc-lès-Gray;70100;70026;894602.45513865;6710859.86028032;0127;;894624.031753562;6710852.64946495;20187000260000C0717;894603.378953429;6710855.24588674;;;;;1;0;1;0;1;0;;7;P;;;;;;;f;E;Adresse a creer (manque BAN);2018-06-14 00:00:00;;;;;;;;;;01010000206A080000E5EE07E9144D2B412FD50EF792995941;
1206;N070GAY_S01E;AD700020506407;22;;RUE DES FLEURS;;Arc-lès-Gray;70100;70026;894629.881729142;6710834.95567516;0127;;894592.409027892;6710801.04133688;20187000260000C0702;894625.639537815;6710826.82060395;;;;;1;0;1;0;1;0;;7;P;;;;;;;f;E;Adresse a creer (manque BAN);2018-06-14 00:00:00;;;;;;;;;;01010000206A080000880072C34B4D2B4126C829BD8C995941;
2698;N070GAY_S01E;AD700020506408;20;;RUE DES FLEURS;;Arc-lès-Gray;70100;70026;894617.429426562;6710805.00709934;0127;;894592.371600419;6710772.25245259;20187000260000C0703;894608.334568926;6710800.92941003;;;;;1;0;1;0;1;0;;7;P;;;;;;;f;E;Adresse a creer (manque BAN);2018-06-14 00:00:00;;;;;;;;;;01010000206A08000063CCDDDB324D2B41C750744085995941;
2718;N070GAY_S01E;AD700020506409;18;;RUE DES FLEURS;;Arc-lès-Gray;70100;70026;894602.9280109;6710779.78724601;0127;;;;20187000260000C0564;894610.192920613;6710777.99897698;;;;;1;0;1;0;1;0;;7;P;;;;;;;f;E;Adresse a creer (manque BAN);2018-06-14 00:00:00;;;;;;;;;;01010000206A080000A53E24DB154D2B41183D62F27E995941;
2699;N070GAY_S01E;AD700020506410;31;;RUE DES FLEURS;;Arc-lès-Gray;70100;70026;894567.777840328;6710778.36862926;0127;;;;20187000260000C0563;894568.956279774;6710774.11695363;;;;;1;0;1;0;1;0;;7;P;;;;;;;f;E;Adresse a creer (manque BAN);2018-06-14 00:00:00;;;;;;;;;;01010000206A0800006316418ECF4C2B41309F97977E995941;
2700;N070GAY_S01E;AD700020506411;29;;RUE DES FLEURS;;Arc-lès-Gray;70100;70026;894564.782982745;6710751.73015919;0127;;894581.179651713;6710729.64940635;20187000260000C0562;894570.789848984;6710743.62746776;;;;;1;0;1;0;1;0;;7;P;;;;;;;f;E;Adresse a creer (manque BAN);2018-06-14 00:00:00;;;;;;;;;;01010000206A0800004A1DE390C94C2B4199EDBAEE77995941;
2704;N070GAY_S01E;AD700020506412;14;;RUE DES LILAS;;Arc-lès-Gray;70100;70026;894631.457969974;6710714.68849961;0213;;894616.328035517;6710698.90011496;20187000260000C0567;894626.548143393;6710709.83807965;;;;;1;0;1;0;1;0;;7;P;;;;;;;f;E;Adresse a creer (manque BAN);2018-06-14 00:00:00;;;;;;;;;;01010000206A0800005D0A7BEA4E4D2B41B06010AC6E995941;
2674;N070GAY_S01E;AD700020506413;7;;RUE DES LILAS;;Arc-lès-Gray;70100;70026;894598.829784735;6710707.59541587;0213;;894613.019005478;6710698.68064021;20187000260000C0593;894597.20394747;6710703.02998906;;;;;1;0;1;0;1;0;;7;P;;;;;;;f;E;Adresse a creer (manque BAN);2018-06-14 00:00:00;;;;;;;;;;01010000206A080000748BD9A80D4D2B41274B1BE66C995941;
2676;N070GAY_S01E;AD700020506414;12;;RUE DES FLEURS;;Arc-lès-Gray;70100;70026;894576.289540825;6710702.5514452;0127;;894566.210289323;6710708.04111418;20187000260000C0595;894571.91833241;6710699.23728547;;;;;1;0;1;0;1;0;;7;P;;;;;;;f;E;Adresse a creer (manque BAN);2018-06-14 00:00:00;;;;;;;;;;01010000206A080000ECB13E94E04C2B41D1E04AA36B995941;
2678;N070GAY_S01E;AD700020506415;8;;RUE DES FLEURS;;Arc-lès-Gray;70100;70026;894570.457449743;6710657.15570922;0127;;;;20187000260000C0597;894571.429736058;6710653.12567026;;;;;1;0;1;0;1;0;;7;P;;;;;;;f;E;Adresse a creer (manque BAN);2018-06-14 00:00:00;;;;;;;;;;01010000206A0800004FDA36EAD44C2B41CA23F74960995941;
2701;N070GAY_S01E;AD700020506416;3;;RUE DES LILAS;;Arc-lès-Gray;70100;70026;894575.186172242;6710633.66972081;0213;;;;20187000260000C0561;894574.327096324;6710629.56014256;;;;;1;0;1;0;1;0;;7;P;;;;;;;t;E;Adresse a creer (manque BAN);2018-06-14 00:00:00;;;;;;;;;;01010000206A080000D5F7515FDE4C2B41A9B4DC6A5A995941;
2671;N070GAY_S01E;AD700020506417;2;;RUE DES LILAS;;Arc-lès-Gray;70100;70026;894605.449996233;6710604.35164132;0213;;894598.385958148;6710597.72275372;20187000260000C0590;894613.589121307;6710601.56617726;;;;;1;0;1;0;1;0;;7;P;;;;;;;f;E;Adresse a creer (manque BAN);2018-06-14 00:00:00;;;;;;;;;;01010000206A080000FCE765E61A4D2B41944A811653995941;
2670;N070GAY_S01E;AD700020506418;7;;RUE DES ROSES;;Arc-lès-Gray;70100;70026;894614.90744123;6710581.49614924;0356;;894629.7966395;6710572.96439224;20187000260000C0589;894614.015812551;6710578.74868595;;;;;1;0;1;0;1;0;;7;P;;;;;;;f;E;Adresse a creer (manque BAN);2018-06-14 00:00:00;;;;;;;;;;01010000206A08000008239CD02D4D2B41BEE8C05F4D995941;
2521;N070GAY_S01E;AD700020506419;64;;AV  JEAN JAURES;;Arc-lès-Gray;70100;70026;894506.146823763;6710621.33563629;0200;;894489.319077033;6710673.95873844;20187000260000C0814;894491.399659833;6710663.53395395;;;;;6;0;6;0;6;0;;7;I;;;;;;;t;E;Adresse a creer (manque BAN);2018-06-14 00:00:00;;;;;;;;;;01010000206A080000FD7B2C4B544C2B41A3107B5557995941;
2510;N070GAY_S01E;AD700020506420;66;;AV  JEAN JAURES;;Arc-lès-Gray;70100;70026;894497.950371433;6710643.56063203;0200;;894490.29782298;6710673.9907583;20187000260000C0814;894491.399659833;6710663.53395395;;;;;6;0;6;0;6;0;;7;I;;;;;;;f;E;Adresse a creer (manque BAN);2018-06-14 00:00:00;;;;;;;;;;01010000206A0800009D1597E6434C2B412F65E1E35C995941;
2418;N070GAY_S01E;AD700020506421;68;;AV  JEAN JAURES;;Arc-lès-Gray;70100;70026;894491.803032185;6710661.21452936;0200;;;;20187000260000C0814;894491.399659833;6710663.53395395;;;;;6;0;6;0;6;0;;7;I;;;;;;;f;E;Adresse a creer (manque BAN);2018-06-14 00:00:00;;;;;;;;;;01010000206A080000D508279B374C2B415DD9BA4D61995941;
